INTERVALSTARTTIME_GMT,INTERVALENDTIME_GMT,OPR_DT,OPR_HR,OPR_INTERVAL,OPR_TYPE,MARKET_RUN_ID,NOMOGRAM_ID_XML,NOMOGRAM_ID,CONSTRAINT_CAUSE,PRC,GROUP
2026-03-27T17:00:00-00:00,2026-03-27T18:00:00-00:00,2026-03-27,11,0,Hourly,DAM,18999_VEAJAF  _138_18079_MERCURY _138_BR_1 _1,18999_VEAJAF  _138_18079_MERCURY _138_BR_1 _1,VE1 VEAVST-PAHRUM 138,14.02321,1
2026-03-27T18:00:00-00:00,2026-03-27T19:00:00-00:00,2026-03-27,12,0,Hourly,DAM,18999_VEAJAF  _138_18079_MERCURY _138_BR_1 _1,18999_VEAJAF  _138_18079_MERCURY _138_BR_1 _1,VE1 VEAVST-PAHRUM 138,6.72254,1
2026-03-27T19:00:00-00:00,2026-03-27T20:00:00-00:00,2026-03-27,13,0,Hourly,DAM,18999_VEAJAF  _138_18079_MERCURY _138_BR_1 _1,18999_VEAJAF  _138_18079_MERCURY _138_BR_1 _1,VE1 VEAVST-PAHRUM 138,7.12866,1
2026-03-27T21:00:00-00:00,2026-03-27T22:00:00-00:00,2026-03-27,15,0,Hourly,DAM,22208_EL CAJON_69.0_22408_LOSCOCHS_69.0_BR_1 _1,22208_EL CAJON_69.0_22408_LOSCOCHS_69.0_BR_1 _1,SD1 LCOCHS-GR-MIGUEL 69,5.5237,2
2026-03-27T22:00:00-00:00,2026-03-27T23:00:00-00:00,2026-03-27,16,0,Hourly,DAM,22208_EL CAJON_69.0_22408_LOSCOCHS_69.0_BR_1 _1,22208_EL CAJON_69.0_22408_LOSCOCHS_69.0_BR_1 _1,SD1 LCOCHS-GR-MIGUEL 69,4.19494,2
2026-03-27T23:00:00-00:00,2026-03-28T00:00:00-00:00,2026-03-27,17,0,Hourly,DAM,22208_EL CAJON_69.0_22408_LOSCOCHS_69.0_BR_1 _1,22208_EL CAJON_69.0_22408_LOSCOCHS_69.0_BR_1 _1,SD1 LCOCHS-GR-MIGUEL 69,39.59458,2
2026-03-28T00:00:00-00:00,2026-03-28T01:00:00-00:00,2026-03-27,18,0,Hourly,DAM,22208_EL CAJON_69.0_22408_LOSCOCHS_69.0_BR_1 _1,22208_EL CAJON_69.0_22408_LOSCOCHS_69.0_BR_1 _1,SD1 LCOCHS-GR-MIGUEL 69,12.56374,2
2026-03-28T01:00:00-00:00,2026-03-28T02:00:00-00:00,2026-03-27,19,0,Hourly,DAM,22208_EL CAJON_69.0_22408_LOSCOCHS_69.0_BR_1 _1,22208_EL CAJON_69.0_22408_LOSCOCHS_69.0_BR_1 _1,SD1 LCOCHS-GR-MIGUEL 69,13.06168,2
2026-03-27T07:00:00-00:00,2026-03-27T08:00:00-00:00,2026-03-27,1,0,Hourly,DAM,24141_SPRINGVL_230_24304_BIG CRK4_230_BR_1 _1,24141_SPRINGVL_230_24304_BIG CRK4_230_BR_1 _1,SC1 BGCRK3-RECTOR_2 230,37.1444,3
2026-03-27T08:00:00-00:00,2026-03-27T09:00:00-00:00,2026-03-27,2,0,Hourly,DAM,24141_SPRINGVL_230_24304_BIG CRK4_230_BR_1 _1,24141_SPRINGVL_230_24304_BIG CRK4_230_BR_1 _1,SC1 BGCRK3-RECTOR_2 230,36.39741,3
2026-03-27T09:00:00-00:00,2026-03-27T10:00:00-00:00,2026-03-27,3,0,Hourly,DAM,24141_SPRINGVL_230_24304_BIG CRK4_230_BR_1 _1,24141_SPRINGVL_230_24304_BIG CRK4_230_BR_1 _1,SC1 BGCRK3-RECTOR_2 230,34.76092,3
2026-03-27T10:00:00-00:00,2026-03-27T11:00:00-00:00,2026-03-27,4,0,Hourly,DAM,24141_SPRINGVL_230_24304_BIG CRK4_230_BR_1 _1,24141_SPRINGVL_230_24304_BIG CRK4_230_BR_1 _1,SC1 BGCRK3-RECTOR_2 230,34.71754,3
2026-03-27T11:00:00-00:00,2026-03-27T12:00:00-00:00,2026-03-27,5,0,Hourly,DAM,24141_SPRINGVL_230_24304_BIG CRK4_230_BR_1 _1,24141_SPRINGVL_230_24304_BIG CRK4_230_BR_1 _1,SC1 BGCRK3-RECTOR_2 230,34.66625,3
2026-03-27T12:00:00-00:00,2026-03-27T13:00:00-00:00,2026-03-27,6,0,Hourly,DAM,24141_SPRINGVL_230_24304_BIG CRK4_230_BR_1 _1,24141_SPRINGVL_230_24304_BIG CRK4_230_BR_1 _1,SC1 BGCRK3-RECTOR_2 230,39.81439,3
2026-03-27T13:00:00-00:00,2026-03-27T14:00:00-00:00,2026-03-27,7,0,Hourly,DAM,24141_SPRINGVL_230_24304_BIG CRK4_230_BR_1 _1,24141_SPRINGVL_230_24304_BIG CRK4_230_BR_1 _1,SC1 BGCRK3-RECTOR_2 230,40.46112,3
2026-03-27T14:00:00-00:00,2026-03-27T15:00:00-00:00,2026-03-27,8,0,Hourly,DAM,24141_SPRINGVL_230_24304_BIG CRK4_230_BR_1 _1,24141_SPRINGVL_230_24304_BIG CRK4_230_BR_1 _1,SC1 BGCRK3-RECTOR_2 230,32.71089,3
2026-03-27T15:00:00-00:00,2026-03-27T16:00:00-00:00,2026-03-27,9,0,Hourly,DAM,24141_SPRINGVL_230_24304_BIG CRK4_230_BR_1 _1,24141_SPRINGVL_230_24304_BIG CRK4_230_BR_1 _1,SC1 BGCRK3-RECTOR_2 230,2.50993,3
2026-03-27T16:00:00-00:00,2026-03-27T17:00:00-00:00,2026-03-27,10,0,Hourly,DAM,24141_SPRINGVL_230_24304_BIG CRK4_230_BR_1 _1,24141_SPRINGVL_230_24304_BIG CRK4_230_BR_1 _1,SC1 BGCRK3-RECTOR_2 230,3.03213,3
2026-03-27T17:00:00-00:00,2026-03-27T18:00:00-00:00,2026-03-27,11,0,Hourly,DAM,24141_SPRINGVL_230_24304_BIG CRK4_230_BR_1 _1,24141_SPRINGVL_230_24304_BIG CRK4_230_BR_1 _1,SC1 BGCRK3-RECTOR_2 230,5.99796,3
2026-03-27T18:00:00-00:00,2026-03-27T19:00:00-00:00,2026-03-27,12,0,Hourly,DAM,24141_SPRINGVL_230_24304_BIG CRK4_230_BR_1 _1,24141_SPRINGVL_230_24304_BIG CRK4_230_BR_1 _1,SC1 BGCRK3-RECTOR_2 230,6.04166,3
2026-03-27T19:00:00-00:00,2026-03-27T20:00:00-00:00,2026-03-27,13,0,Hourly,DAM,24141_SPRINGVL_230_24304_BIG CRK4_230_BR_1 _1,24141_SPRINGVL_230_24304_BIG CRK4_230_BR_1 _1,SC1 BGCRK3-RECTOR_2 230,4.92284,3
2026-03-27T20:00:00-00:00,2026-03-27T21:00:00-00:00,2026-03-27,14,0,Hourly,DAM,24141_SPRINGVL_230_24304_BIG CRK4_230_BR_1 _1,24141_SPRINGVL_230_24304_BIG CRK4_230_BR_1 _1,SC1 BGCRK3-RECTOR_2 230,5.13794,3
2026-03-27T21:00:00-00:00,2026-03-27T22:00:00-00:00,2026-03-27,15,0,Hourly,DAM,24141_SPRINGVL_230_24304_BIG CRK4_230_BR_1 _1,24141_SPRINGVL_230_24304_BIG CRK4_230_BR_1 _1,SC1 BGCRK3-RECTOR_2 230,5.1567,3
2026-03-27T22:00:00-00:00,2026-03-27T23:00:00-00:00,2026-03-27,16,0,Hourly,DAM,24141_SPRINGVL_230_24304_BIG CRK4_230_BR_1 _1,24141_SPRINGVL_230_24304_BIG CRK4_230_BR_1 _1,SC1 BGCRK3-RECTOR_2 230,5.70642,3
2026-03-27T23:00:00-00:00,2026-03-28T00:00:00-00:00,2026-03-27,17,0,Hourly,DAM,24141_SPRINGVL_230_24304_BIG CRK4_230_BR_1 _1,24141_SPRINGVL_230_24304_BIG CRK4_230_BR_1 _1,SC1 BGCRK3-RECTOR_2 230,7.80567,3
2026-03-28T00:00:00-00:00,2026-03-28T01:00:00-00:00,2026-03-27,18,0,Hourly,DAM,24141_SPRINGVL_230_24304_BIG CRK4_230_BR_1 _1,24141_SPRINGVL_230_24304_BIG CRK4_230_BR_1 _1,SC1 BGCRK3-RECTOR_2 230,28.2262,3
2026-03-28T01:00:00-00:00,2026-03-28T02:00:00-00:00,2026-03-27,19,0,Hourly,DAM,24141_SPRINGVL_230_24304_BIG CRK4_230_BR_1 _1,24141_SPRINGVL_230_24304_BIG CRK4_230_BR_1 _1,SC1 BGCRK3-RECTOR_2 230,38.93437,3
2026-03-28T02:00:00-00:00,2026-03-28T03:00:00-00:00,2026-03-27,20,0,Hourly,DAM,24141_SPRINGVL_230_24304_BIG CRK4_230_BR_1 _1,24141_SPRINGVL_230_24304_BIG CRK4_230_BR_1 _1,SC1 BGCRK3-RECTOR_2 230,40.15293,3
2026-03-28T03:00:00-00:00,2026-03-28T04:00:00-00:00,2026-03-27,21,0,Hourly,DAM,24141_SPRINGVL_230_24304_BIG CRK4_230_BR_1 _1,24141_SPRINGVL_230_24304_BIG CRK4_230_BR_1 _1,SC1 BGCRK3-RECTOR_2 230,37.61147,3
2026-03-28T04:00:00-00:00,2026-03-28T05:00:00-00:00,2026-03-27,22,0,Hourly,DAM,24141_SPRINGVL_230_24304_BIG CRK4_230_BR_1 _1,24141_SPRINGVL_230_24304_BIG CRK4_230_BR_1 _1,SC1 BGCRK3-RECTOR_2 230,37.01204,3
2026-03-28T05:00:00-00:00,2026-03-28T06:00:00-00:00,2026-03-27,23,0,Hourly,DAM,24141_SPRINGVL_230_24304_BIG CRK4_230_BR_1 _1,24141_SPRINGVL_230_24304_BIG CRK4_230_BR_1 _1,SC1 BGCRK3-RECTOR_2 230,36.93441,3
2026-03-28T06:00:00-00:00,2026-03-28T07:00:00-00:00,2026-03-27,24,0,Hourly,DAM,24141_SPRINGVL_230_24304_BIG CRK4_230_BR_1 _1,24141_SPRINGVL_230_24304_BIG CRK4_230_BR_1 _1,SC1 BGCRK3-RECTOR_2 230,34.27439,3
2026-03-27T20:00:00-00:00,2026-03-27T21:00:00-00:00,2026-03-27,14,0,Hourly,DAM,30635_NWK DIST_230_30731_LS ESTRS_230_BR_1 _1,30635_NWK DIST_230_30731_LS ESTRS_230_BR_1 _1,PG1 MOSSLD-LOSBNS 500,7.28427,4
2026-03-27T21:00:00-00:00,2026-03-27T22:00:00-00:00,2026-03-27,15,0,Hourly,DAM,30635_NWK DIST_230_30731_LS ESTRS_230_BR_1 _1,30635_NWK DIST_230_30731_LS ESTRS_230_BR_1 _1,PG1 MOSSLD-LOSBNS 500,12.01575,4
2026-03-27T22:00:00-00:00,2026-03-27T23:00:00-00:00,2026-03-27,16,0,Hourly,DAM,30635_NWK DIST_230_30731_LS ESTRS_230_BR_1 _1,30635_NWK DIST_230_30731_LS ESTRS_230_BR_1 _1,PG1 MOSSLD-LOSBNS 500,5.94618,4
2026-03-27T23:00:00-00:00,2026-03-28T00:00:00-00:00,2026-03-27,17,0,Hourly,DAM,30635_NWK DIST_230_30731_LS ESTRS_230_BR_1 _1,30635_NWK DIST_230_30731_LS ESTRS_230_BR_1 _1,PG1 MOSSLD-LOSBNS 500,18.05444,4
2026-03-27T15:00:00-00:00,2026-03-27T16:00:00-00:00,2026-03-27,9,0,Hourly,DAM,30750_MOSSLD  _230_30797_LASAGUIL_230_BR_1 _1,30750_MOSSLD  _230_30797_LASAGUIL_230_BR_1 _1,PG1 MOSSLD-LOSBNS 500,97.60824,5
2026-03-27T16:00:00-00:00,2026-03-27T17:00:00-00:00,2026-03-27,10,0,Hourly,DAM,30750_MOSSLD  _230_30797_LASAGUIL_230_BR_1 _1,30750_MOSSLD  _230_30797_LASAGUIL_230_BR_1 _1,PG1 MOSSLD-LOSBNS 500,137.33382,5
2026-03-27T17:00:00-00:00,2026-03-27T18:00:00-00:00,2026-03-27,11,0,Hourly,DAM,30750_MOSSLD  _230_30797_LASAGUIL_230_BR_1 _1,30750_MOSSLD  _230_30797_LASAGUIL_230_BR_1 _1,PG1 MOSSLD-LOSBNS 500,109.63047,5
2026-03-27T18:00:00-00:00,2026-03-27T19:00:00-00:00,2026-03-27,12,0,Hourly,DAM,30750_MOSSLD  _230_30797_LASAGUIL_230_BR_1 _1,30750_MOSSLD  _230_30797_LASAGUIL_230_BR_1 _1,PG1 MOSSLD-LOSBNS 500,109.85695,5
2026-03-27T19:00:00-00:00,2026-03-27T20:00:00-00:00,2026-03-27,13,0,Hourly,DAM,30750_MOSSLD  _230_30797_LASAGUIL_230_BR_1 _1,30750_MOSSLD  _230_30797_LASAGUIL_230_BR_1 _1,PG1 MOSSLD-LOSBNS 500,108.23735,5
2026-03-27T20:00:00-00:00,2026-03-27T21:00:00-00:00,2026-03-27,14,0,Hourly,DAM,30750_MOSSLD  _230_30797_LASAGUIL_230_BR_1 _1,30750_MOSSLD  _230_30797_LASAGUIL_230_BR_1 _1,PG1 MOSSLD-LOSBNS 500,120.2691,5
2026-03-27T21:00:00-00:00,2026-03-27T22:00:00-00:00,2026-03-27,15,0,Hourly,DAM,30750_MOSSLD  _230_30797_LASAGUIL_230_BR_1 _1,30750_MOSSLD  _230_30797_LASAGUIL_230_BR_1 _1,PG1 MOSSLD-LOSBNS 500,118.26245,5
2026-03-27T22:00:00-00:00,2026-03-27T23:00:00-00:00,2026-03-27,16,0,Hourly,DAM,30750_MOSSLD  _230_30797_LASAGUIL_230_BR_1 _1,30750_MOSSLD  _230_30797_LASAGUIL_230_BR_1 _1,PG1 MOSSLD-LOSBNS 500,151.19258,5
2026-03-27T23:00:00-00:00,2026-03-28T00:00:00-00:00,2026-03-27,17,0,Hourly,DAM,30750_MOSSLD  _230_30797_LASAGUIL_230_BR_1 _1,30750_MOSSLD  _230_30797_LASAGUIL_230_BR_1 _1,PG1 MOSSLD-LOSBNS 500,113.31108,5
2026-03-27T16:00:00-00:00,2026-03-27T17:00:00-00:00,2026-03-27,10,0,Hourly,DAM,32214_RIO OSO _115_32244_BRNSWKT2_115_BR_2 _1,32214_RIO OSO _115_32244_BRNSWKT2_115_BR_2 _1,PG1 BELL-HIGGNS 115,22.10549,6
2026-03-27T17:00:00-00:00,2026-03-27T18:00:00-00:00,2026-03-27,11,0,Hourly,DAM,32214_RIO OSO _115_32244_BRNSWKT2_115_BR_2 _1,32214_RIO OSO _115_32244_BRNSWKT2_115_BR_2 _1,PG1 BELL-HIGGNS 115,19.69907,6
2026-03-27T18:00:00-00:00,2026-03-27T19:00:00-00:00,2026-03-27,12,0,Hourly,DAM,32214_RIO OSO _115_32244_BRNSWKT2_115_BR_2 _1,32214_RIO OSO _115_32244_BRNSWKT2_115_BR_2 _1,PG1 BELL-HIGGNS 115,13.1834,6
2026-03-27T19:00:00-00:00,2026-03-27T20:00:00-00:00,2026-03-27,13,0,Hourly,DAM,32214_RIO OSO _115_32244_BRNSWKT2_115_BR_2 _1,32214_RIO OSO _115_32244_BRNSWKT2_115_BR_2 _1,PG1 BELL-HIGGNS 115,1.64187,6
2026-03-28T03:00:00-00:00,2026-03-28T04:00:00-00:00,2026-03-27,21,0,Hourly,DAM,32214_RIO OSO _115_32244_BRNSWKT2_115_BR_2 _1,32214_RIO OSO _115_32244_BRNSWKT2_115_BR_2 _1,PG1 BELL-HIGGNS 115,6.48827,6
2026-03-27T19:00:00-00:00,2026-03-27T20:00:00-00:00,2026-03-27,13,0,Hourly,DAM,34548_KETTLEMN_70.0_34552_GATES   _70.0_BR_1 _1,34548_KETTLEMN_70.0_34552_GATES   _70.0_BR_1 _1,Base Case,1.73106,7
2026-03-27T20:00:00-00:00,2026-03-27T21:00:00-00:00,2026-03-27,14,0,Hourly,DAM,34548_KETTLEMN_70.0_34552_GATES   _70.0_BR_1 _1,34548_KETTLEMN_70.0_34552_GATES   _70.0_BR_1 _1,Base Case,1.78088,7
2026-03-27T21:00:00-00:00,2026-03-27T22:00:00-00:00,2026-03-27,15,0,Hourly,DAM,34548_KETTLEMN_70.0_34552_GATES   _70.0_BR_1 _1,34548_KETTLEMN_70.0_34552_GATES   _70.0_BR_1 _1,Base Case,1.71625,7
2026-03-27T14:00:00-00:00,2026-03-27T15:00:00-00:00,2026-03-27,8,0,Hourly,DAM,7440_MetcalfImport_Tes-Metcalf,7440_MetcalfImport_Tes-Metcalf,Base Case,-2.02263,8
2026-03-27T15:00:00-00:00,2026-03-27T16:00:00-00:00,2026-03-27,9,0,Hourly,DAM,7440_MetcalfImport_Tes-Metcalf,7440_MetcalfImport_Tes-Metcalf,Base Case,-41.57756,8
2026-03-27T16:00:00-00:00,2026-03-27T17:00:00-00:00,2026-03-27,10,0,Hourly,DAM,7440_MetcalfImport_Tes-Metcalf,7440_MetcalfImport_Tes-Metcalf,Base Case,-26.3107,8
2026-03-27T17:00:00-00:00,2026-03-27T18:00:00-00:00,2026-03-27,11,0,Hourly,DAM,7440_MetcalfImport_Tes-Metcalf,7440_MetcalfImport_Tes-Metcalf,Base Case,-20.85042,8
2026-03-27T18:00:00-00:00,2026-03-27T19:00:00-00:00,2026-03-27,12,0,Hourly,DAM,7440_MetcalfImport_Tes-Metcalf,7440_MetcalfImport_Tes-Metcalf,Base Case,-6.12896,8
2026-03-27T19:00:00-00:00,2026-03-27T20:00:00-00:00,2026-03-27,13,0,Hourly,DAM,7440_MetcalfImport_Tes-Metcalf,7440_MetcalfImport_Tes-Metcalf,Base Case,-2.08598,8
2026-03-27T22:00:00-00:00,2026-03-27T23:00:00-00:00,2026-03-27,16,0,Hourly,DAM,7440_MetcalfImport_Tes-Metcalf,7440_MetcalfImport_Tes-Metcalf,Base Case,-7.57907,8
2026-03-27T23:00:00-00:00,2026-03-28T00:00:00-00:00,2026-03-27,17,0,Hourly,DAM,7440_MetcalfImport_Tes-Metcalf,7440_MetcalfImport_Tes-Metcalf,Base Case,-38.91269,8
2026-03-27T07:00:00-00:00,2026-03-27T08:00:00-00:00,2026-03-27,1,0,Hourly,DAM,7690-CONTRL-INYOKN_EXP_NG,7690-CONTRL-INYOKN_EXP_NG,Base Case,-102.28825,9
2026-03-27T08:00:00-00:00,2026-03-27T09:00:00-00:00,2026-03-27,2,0,Hourly,DAM,7690-CONTRL-INYOKN_EXP_NG,7690-CONTRL-INYOKN_EXP_NG,Base Case,-109.64072,9
2026-03-27T09:00:00-00:00,2026-03-27T10:00:00-00:00,2026-03-27,3,0,Hourly,DAM,7690-CONTRL-INYOKN_EXP_NG,7690-CONTRL-INYOKN_EXP_NG,Base Case,-110.26104,9
2026-03-27T10:00:00-00:00,2026-03-27T11:00:00-00:00,2026-03-27,4,0,Hourly,DAM,7690-CONTRL-INYOKN_EXP_NG,7690-CONTRL-INYOKN_EXP_NG,Base Case,-117.94624,9
2026-03-27T11:00:00-00:00,2026-03-27T12:00:00-00:00,2026-03-27,5,0,Hourly,DAM,7690-CONTRL-INYOKN_EXP_NG,7690-CONTRL-INYOKN_EXP_NG,Base Case,-118.95332,9
2026-03-27T12:00:00-00:00,2026-03-27T13:00:00-00:00,2026-03-27,6,0,Hourly,DAM,7690-CONTRL-INYOKN_EXP_NG,7690-CONTRL-INYOKN_EXP_NG,Base Case,-96.07031,9
2026-03-27T13:00:00-00:00,2026-03-27T14:00:00-00:00,2026-03-27,7,0,Hourly,DAM,7690-CONTRL-INYOKN_EXP_NG,7690-CONTRL-INYOKN_EXP_NG,Base Case,-80.85956,9
2026-03-27T14:00:00-00:00,2026-03-27T15:00:00-00:00,2026-03-27,8,0,Hourly,DAM,7690-CONTRL-INYOKN_EXP_NG,7690-CONTRL-INYOKN_EXP_NG,Base Case,-74.65164,9
2026-03-27T15:00:00-00:00,2026-03-27T16:00:00-00:00,2026-03-27,9,0,Hourly,DAM,7690-CONTRL-INYOKN_EXP_NG,7690-CONTRL-INYOKN_EXP_NG,Base Case,-86.44942,9
2026-03-27T16:00:00-00:00,2026-03-27T17:00:00-00:00,2026-03-27,10,0,Hourly,DAM,7690-CONTRL-INYOKN_EXP_NG,7690-CONTRL-INYOKN_EXP_NG,Base Case,-87.055,9
2026-03-27T17:00:00-00:00,2026-03-27T18:00:00-00:00,2026-03-27,11,0,Hourly,DAM,7690-CONTRL-INYOKN_EXP_NG,7690-CONTRL-INYOKN_EXP_NG,Base Case,-63.42084,9
2026-03-27T18:00:00-00:00,2026-03-27T19:00:00-00:00,2026-03-27,12,0,Hourly,DAM,7690-CONTRL-INYOKN_EXP_NG,7690-CONTRL-INYOKN_EXP_NG,Base Case,-63.53591,9
2026-03-27T19:00:00-00:00,2026-03-27T20:00:00-00:00,2026-03-27,13,0,Hourly,DAM,7690-CONTRL-INYOKN_EXP_NG,7690-CONTRL-INYOKN_EXP_NG,Base Case,-50.28395,9
2026-03-27T20:00:00-00:00,2026-03-27T21:00:00-00:00,2026-03-27,14,0,Hourly,DAM,7690-CONTRL-INYOKN_EXP_NG,7690-CONTRL-INYOKN_EXP_NG,Base Case,-47.36811,9
2026-03-27T21:00:00-00:00,2026-03-27T22:00:00-00:00,2026-03-27,15,0,Hourly,DAM,7690-CONTRL-INYOKN_EXP_NG,7690-CONTRL-INYOKN_EXP_NG,Base Case,-63.26058,9
2026-03-27T22:00:00-00:00,2026-03-27T23:00:00-00:00,2026-03-27,16,0,Hourly,DAM,7690-CONTRL-INYOKN_EXP_NG,7690-CONTRL-INYOKN_EXP_NG,Base Case,-65.49352,9
2026-03-27T23:00:00-00:00,2026-03-28T00:00:00-00:00,2026-03-27,17,0,Hourly,DAM,7690-CONTRL-INYOKN_EXP_NG,7690-CONTRL-INYOKN_EXP_NG,Base Case,-58.72513,9
2026-03-28T00:00:00-00:00,2026-03-28T01:00:00-00:00,2026-03-27,18,0,Hourly,DAM,7690-CONTRL-INYOKN_EXP_NG,7690-CONTRL-INYOKN_EXP_NG,Base Case,-61.06889,9
2026-03-28T01:00:00-00:00,2026-03-28T02:00:00-00:00,2026-03-27,19,0,Hourly,DAM,7690-CONTRL-INYOKN_EXP_NG,7690-CONTRL-INYOKN_EXP_NG,Base Case,-75.29032,9
2026-03-28T02:00:00-00:00,2026-03-28T03:00:00-00:00,2026-03-27,20,0,Hourly,DAM,7690-CONTRL-INYOKN_EXP_NG,7690-CONTRL-INYOKN_EXP_NG,Base Case,-77.40393,9
2026-03-28T03:00:00-00:00,2026-03-28T04:00:00-00:00,2026-03-27,21,0,Hourly,DAM,7690-CONTRL-INYOKN_EXP_NG,7690-CONTRL-INYOKN_EXP_NG,Base Case,-76.28777,9
2026-03-28T04:00:00-00:00,2026-03-28T05:00:00-00:00,2026-03-27,22,0,Hourly,DAM,7690-CONTRL-INYOKN_EXP_NG,7690-CONTRL-INYOKN_EXP_NG,Base Case,-76.11674,9
2026-03-28T05:00:00-00:00,2026-03-28T06:00:00-00:00,2026-03-27,23,0,Hourly,DAM,7690-CONTRL-INYOKN_EXP_NG,7690-CONTRL-INYOKN_EXP_NG,Base Case,-102.42744,9
2026-03-28T06:00:00-00:00,2026-03-28T07:00:00-00:00,2026-03-27,24,0,Hourly,DAM,7690-CONTRL-INYOKN_EXP_NG,7690-CONTRL-INYOKN_EXP_NG,Base Case,-91.72628,9
2026-03-27T09:00:00-00:00,2026-03-27T10:00:00-00:00,2026-03-27,3,0,Hourly,DAM,7690-COOLWATER_KRAMER_IM_NG,7690-COOLWATER_KRAMER_IM_NG,Base Case,-3.78689,10
2026-03-27T10:00:00-00:00,2026-03-27T11:00:00-00:00,2026-03-27,4,0,Hourly,DAM,7690-COOLWATER_KRAMER_IM_NG,7690-COOLWATER_KRAMER_IM_NG,Base Case,-6.21176,10
2026-03-27T11:00:00-00:00,2026-03-27T12:00:00-00:00,2026-03-27,5,0,Hourly,DAM,7690-COOLWATER_KRAMER_IM_NG,7690-COOLWATER_KRAMER_IM_NG,Base Case,-9.71504,10
2026-03-27T12:00:00-00:00,2026-03-27T13:00:00-00:00,2026-03-27,6,0,Hourly,DAM,7690-COOLWATER_KRAMER_IM_NG,7690-COOLWATER_KRAMER_IM_NG,Base Case,-10.05867,10
2026-03-27T13:00:00-00:00,2026-03-27T14:00:00-00:00,2026-03-27,7,0,Hourly,DAM,7690-COOLWATER_KRAMER_IM_NG,7690-COOLWATER_KRAMER_IM_NG,Base Case,-10.46618,10
2026-03-27T15:00:00-00:00,2026-03-27T16:00:00-00:00,2026-03-27,9,0,Hourly,DAM,7690-COOLWATER_KRAMER_IM_NG,7690-COOLWATER_KRAMER_IM_NG,Base Case,-6.86623,10
2026-03-27T16:00:00-00:00,2026-03-27T17:00:00-00:00,2026-03-27,10,0,Hourly,DAM,7690-COOLWATER_KRAMER_IM_NG,7690-COOLWATER_KRAMER_IM_NG,Base Case,-6.63625,10
2026-03-27T17:00:00-00:00,2026-03-27T18:00:00-00:00,2026-03-27,11,0,Hourly,DAM,7690-COOLWATER_KRAMER_IM_NG,7690-COOLWATER_KRAMER_IM_NG,Base Case,-6.8659,10
2026-03-27T18:00:00-00:00,2026-03-27T19:00:00-00:00,2026-03-27,12,0,Hourly,DAM,7690-COOLWATER_KRAMER_IM_NG,7690-COOLWATER_KRAMER_IM_NG,Base Case,-1.6109,10
2026-03-27T19:00:00-00:00,2026-03-27T20:00:00-00:00,2026-03-27,13,0,Hourly,DAM,7690-COOLWATER_KRAMER_IM_NG,7690-COOLWATER_KRAMER_IM_NG,Base Case,-2.50504,10
2026-03-28T01:00:00-00:00,2026-03-28T02:00:00-00:00,2026-03-27,19,0,Hourly,DAM,7690-COOLWATER_KRAMER_IM_NG,7690-COOLWATER_KRAMER_IM_NG,Base Case,-0.96278,10
2026-03-27T18:00:00-00:00,2026-03-27T19:00:00-00:00,2026-03-27,12,0,Hourly,DAM,HUMBOLDT_IMP_NG,HUMBOLDT_IMP_NG,Base Case,-0.99034,11
2026-03-27T20:00:00-00:00,2026-03-27T21:00:00-00:00,2026-03-27,14,0,Hourly,DAM,HUMBOLDT_IMP_NG,HUMBOLDT_IMP_NG,Base Case,-15.78475,11
2026-03-27T22:00:00-00:00,2026-03-27T23:00:00-00:00,2026-03-27,16,0,Hourly,DAM,HUMBOLDT_IMP_NG,HUMBOLDT_IMP_NG,Base Case,-2.55156,11
2026-03-27T09:00:00-00:00,2026-03-27T10:00:00-00:00,2026-03-27,3,0,Hourly,DAM,Lugo AA bank outage  Area EXP,Lugo AA bank outage  Area EXP,Base Case,-16.10296,12
2026-03-27T10:00:00-00:00,2026-03-27T11:00:00-00:00,2026-03-27,4,0,Hourly,DAM,Lugo AA bank outage  Area EXP,Lugo AA bank outage  Area EXP,Base Case,-15.79133,12
2026-03-27T11:00:00-00:00,2026-03-27T12:00:00-00:00,2026-03-27,5,0,Hourly,DAM,Lugo AA bank outage  Area EXP,Lugo AA bank outage  Area EXP,Base Case,-16.0694,12
2026-03-27T12:00:00-00:00,2026-03-27T13:00:00-00:00,2026-03-27,6,0,Hourly,DAM,Lugo AA bank outage  Area EXP,Lugo AA bank outage  Area EXP,Base Case,-21.22236,12
2026-03-27T13:00:00-00:00,2026-03-27T14:00:00-00:00,2026-03-27,7,0,Hourly,DAM,Lugo AA bank outage  Area EXP,Lugo AA bank outage  Area EXP,Base Case,-23.83097,12
2026-03-27T14:00:00-00:00,2026-03-27T15:00:00-00:00,2026-03-27,8,0,Hourly,DAM,Lugo AA bank outage  Area EXP,Lugo AA bank outage  Area EXP,Base Case,-35.10721,12
2026-03-27T15:00:00-00:00,2026-03-27T16:00:00-00:00,2026-03-27,9,0,Hourly,DAM,Lugo AA bank outage  Area EXP,Lugo AA bank outage  Area EXP,Base Case,-22.55586,12
2026-03-27T16:00:00-00:00,2026-03-27T17:00:00-00:00,2026-03-27,10,0,Hourly,DAM,Lugo AA bank outage  Area EXP,Lugo AA bank outage  Area EXP,Base Case,-16.7819,12
2026-03-27T17:00:00-00:00,2026-03-27T18:00:00-00:00,2026-03-27,11,0,Hourly,DAM,Lugo AA bank outage  Area EXP,Lugo AA bank outage  Area EXP,Base Case,-16.45871,12
2026-03-27T18:00:00-00:00,2026-03-27T19:00:00-00:00,2026-03-27,12,0,Hourly,DAM,Lugo AA bank outage  Area EXP,Lugo AA bank outage  Area EXP,Base Case,-10.95929,12
2026-03-27T19:00:00-00:00,2026-03-27T20:00:00-00:00,2026-03-27,13,0,Hourly,DAM,Lugo AA bank outage  Area EXP,Lugo AA bank outage  Area EXP,Base Case,-11.41332,12
2026-03-27T20:00:00-00:00,2026-03-27T21:00:00-00:00,2026-03-27,14,0,Hourly,DAM,Lugo AA bank outage  Area EXP,Lugo AA bank outage  Area EXP,Base Case,-9.45566,12
2026-03-27T21:00:00-00:00,2026-03-27T22:00:00-00:00,2026-03-27,15,0,Hourly,DAM,Lugo AA bank outage  Area EXP,Lugo AA bank outage  Area EXP,Base Case,-9.39201,12
2026-03-27T22:00:00-00:00,2026-03-27T23:00:00-00:00,2026-03-27,16,0,Hourly,DAM,Lugo AA bank outage  Area EXP,Lugo AA bank outage  Area EXP,Base Case,-9.27671,12
2026-03-27T23:00:00-00:00,2026-03-28T00:00:00-00:00,2026-03-27,17,0,Hourly,DAM,Lugo AA bank outage  Area EXP,Lugo AA bank outage  Area EXP,Base Case,-8.23545,12
2026-03-28T00:00:00-00:00,2026-03-28T01:00:00-00:00,2026-03-27,18,0,Hourly,DAM,Lugo AA bank outage  Area EXP,Lugo AA bank outage  Area EXP,Base Case,-6.64456,12
2026-03-28T23:00:00-00:00,2026-03-29T00:00:00-00:00,2026-03-28,17,0,Hourly,DAM,22208_EL CAJON_69.0_22408_LOSCOCHS_69.0_BR_1 _1,22208_EL CAJON_69.0_22408_LOSCOCHS_69.0_BR_1 _1,SD1 LCOCHS-GR-MIGUEL 69,10.53434,13
2026-03-29T01:00:00-00:00,2026-03-29T02:00:00-00:00,2026-03-28,19,0,Hourly,DAM,22208_EL CAJON_69.0_22408_LOSCOCHS_69.0_BR_1 _1,22208_EL CAJON_69.0_22408_LOSCOCHS_69.0_BR_1 _1,SD1 LCOCHS-GR-MIGUEL 69,2.51141,13
2026-03-29T02:00:00-00:00,2026-03-29T03:00:00-00:00,2026-03-28,20,0,Hourly,DAM,22208_EL CAJON_69.0_22408_LOSCOCHS_69.0_BR_1 _1,22208_EL CAJON_69.0_22408_LOSCOCHS_69.0_BR_1 _1,SD1 LCOCHS-GR-MIGUEL 69,1.10553,13
2026-03-28T21:00:00-00:00,2026-03-28T22:00:00-00:00,2026-03-28,15,0,Hourly,DAM,22644_PENSQTOS_69.0_22492_MIRAMRTP_69.0_BR_1 _1,22644_PENSQTOS_69.0_22492_MIRAMRTP_69.0_BR_1 _1,SD1 SXCYN-SCRIPS 69,0.02952,14
2026-03-29T00:00:00-00:00,2026-03-29T01:00:00-00:00,2026-03-28,18,0,Hourly,DAM,22644_PENSQTOS_69.0_22492_MIRAMRTP_69.0_BR_1 _1,22644_PENSQTOS_69.0_22492_MIRAMRTP_69.0_BR_1 _1,SD1 SXCYN-SCRIPS 69,2.57476,14
2026-03-28T07:00:00-00:00,2026-03-28T08:00:00-00:00,2026-03-28,1,0,Hourly,DAM,24141_SPRINGVL_230_24304_BIG CRK4_230_BR_1 _1,24141_SPRINGVL_230_24304_BIG CRK4_230_BR_1 _1,SC1 BGCRK3-RECTOR_2 230,32.16394,15
2026-03-28T08:00:00-00:00,2026-03-28T09:00:00-00:00,2026-03-28,2,0,Hourly,DAM,24141_SPRINGVL_230_24304_BIG CRK4_230_BR_1 _1,24141_SPRINGVL_230_24304_BIG CRK4_230_BR_1 _1,SC1 BGCRK3-RECTOR_2 230,32.45982,15
2026-03-28T09:00:00-00:00,2026-03-28T10:00:00-00:00,2026-03-28,3,0,Hourly,DAM,24141_SPRINGVL_230_24304_BIG CRK4_230_BR_1 _1,24141_SPRINGVL_230_24304_BIG CRK4_230_BR_1 _1,SC1 BGCRK3-RECTOR_2 230,31.44949,15
2026-03-28T10:00:00-00:00,2026-03-28T11:00:00-00:00,2026-03-28,4,0,Hourly,DAM,24141_SPRINGVL_230_24304_BIG CRK4_230_BR_1 _1,24141_SPRINGVL_230_24304_BIG CRK4_230_BR_1 _1,SC1 BGCRK3-RECTOR_2 230,31.77397,15
2026-03-28T11:00:00-00:00,2026-03-28T12:00:00-00:00,2026-03-28,5,0,Hourly,DAM,24141_SPRINGVL_230_24304_BIG CRK4_230_BR_1 _1,24141_SPRINGVL_230_24304_BIG CRK4_230_BR_1 _1,SC1 BGCRK3-RECTOR_2 230,29.19036,15
2026-03-28T12:00:00-00:00,2026-03-28T13:00:00-00:00,2026-03-28,6,0,Hourly,DAM,24141_SPRINGVL_230_24304_BIG CRK4_230_BR_1 _1,24141_SPRINGVL_230_24304_BIG CRK4_230_BR_1 _1,SC1 BGCRK3-RECTOR_2 230,30.38776,15
2026-03-28T13:00:00-00:00,2026-03-28T14:00:00-00:00,2026-03-28,7,0,Hourly,DAM,24141_SPRINGVL_230_24304_BIG CRK4_230_BR_1 _1,24141_SPRINGVL_230_24304_BIG CRK4_230_BR_1 _1,SC1 BGCRK3-RECTOR_2 230,32.26458,15
2026-03-28T14:00:00-00:00,2026-03-28T15:00:00-00:00,2026-03-28,8,0,Hourly,DAM,24141_SPRINGVL_230_24304_BIG CRK4_230_BR_1 _1,24141_SPRINGVL_230_24304_BIG CRK4_230_BR_1 _1,SC1 BGCRK3-RECTOR_2 230,23.39169,15
2026-03-28T15:00:00-00:00,2026-03-28T16:00:00-00:00,2026-03-28,9,0,Hourly,DAM,24141_SPRINGVL_230_24304_BIG CRK4_230_BR_1 _1,24141_SPRINGVL_230_24304_BIG CRK4_230_BR_1 _1,SC1 BGCRK3-RECTOR_2 230,2.58035,15
2026-03-28T23:00:00-00:00,2026-03-29T00:00:00-00:00,2026-03-28,17,0,Hourly,DAM,24141_SPRINGVL_230_24304_BIG CRK4_230_BR_1 _1,24141_SPRINGVL_230_24304_BIG CRK4_230_BR_1 _1,SC1 BGCRK3-RECTOR_2 230,5.2631,15
2026-03-29T00:00:00-00:00,2026-03-29T01:00:00-00:00,2026-03-28,18,0,Hourly,DAM,24141_SPRINGVL_230_24304_BIG CRK4_230_BR_1 _1,24141_SPRINGVL_230_24304_BIG CRK4_230_BR_1 _1,SC1 BGCRK3-RECTOR_2 230,25.93653,15
2026-03-29T01:00:00-00:00,2026-03-29T02:00:00-00:00,2026-03-28,19,0,Hourly,DAM,24141_SPRINGVL_230_24304_BIG CRK4_230_BR_1 _1,24141_SPRINGVL_230_24304_BIG CRK4_230_BR_1 _1,SC1 BGCRK3-RECTOR_2 230,37.72116,15
2026-03-29T02:00:00-00:00,2026-03-29T03:00:00-00:00,2026-03-28,20,0,Hourly,DAM,24141_SPRINGVL_230_24304_BIG CRK4_230_BR_1 _1,24141_SPRINGVL_230_24304_BIG CRK4_230_BR_1 _1,SC1 BGCRK3-RECTOR_2 230,38.31886,15
2026-03-29T03:00:00-00:00,2026-03-29T04:00:00-00:00,2026-03-28,21,0,Hourly,DAM,24141_SPRINGVL_230_24304_BIG CRK4_230_BR_1 _1,24141_SPRINGVL_230_24304_BIG CRK4_230_BR_1 _1,SC1 BGCRK3-RECTOR_2 230,36.85602,15
2026-03-29T04:00:00-00:00,2026-03-29T05:00:00-00:00,2026-03-28,22,0,Hourly,DAM,24141_SPRINGVL_230_24304_BIG CRK4_230_BR_1 _1,24141_SPRINGVL_230_24304_BIG CRK4_230_BR_1 _1,SC1 BGCRK3-RECTOR_2 230,36.65772,15
2026-03-29T05:00:00-00:00,2026-03-29T06:00:00-00:00,2026-03-28,23,0,Hourly,DAM,24141_SPRINGVL_230_24304_BIG CRK4_230_BR_1 _1,24141_SPRINGVL_230_24304_BIG CRK4_230_BR_1 _1,SC1 BGCRK3-RECTOR_2 230,35.67449,15
2026-03-29T06:00:00-00:00,2026-03-29T07:00:00-00:00,2026-03-28,24,0,Hourly,DAM,24141_SPRINGVL_230_24304_BIG CRK4_230_BR_1 _1,24141_SPRINGVL_230_24304_BIG CRK4_230_BR_1 _1,SC1 BGCRK3-RECTOR_2 230,33.95119,15
2026-03-28T15:00:00-00:00,2026-03-28T16:00:00-00:00,2026-03-28,9,0,Hourly,DAM,30750_MOSSLD  _230_30797_LASAGUIL_230_BR_1 _1,30750_MOSSLD  _230_30797_LASAGUIL_230_BR_1 _1,PG1 MOSSLD-LOSBNS 500,38.37048,16
2026-03-28T16:00:00-00:00,2026-03-28T17:00:00-00:00,2026-03-28,10,0,Hourly,DAM,30750_MOSSLD  _230_30797_LASAGUIL_230_BR_1 _1,30750_MOSSLD  _230_30797_LASAGUIL_230_BR_1 _1,PG1 MOSSLD-LOSBNS 500,9.52304,16
2026-03-28T15:00:00-00:00,2026-03-28T16:00:00-00:00,2026-03-28,9,0,Hourly,DAM,30765_LOSBANOS_230_30790_PANOCHE _230_BR_2 _1,30765_LOSBANOS_230_30790_PANOCHE _230_BR_2 _1,PG1 LOSBNS 500-230 BK1,39.05515,17
2026-03-28T16:00:00-00:00,2026-03-28T17:00:00-00:00,2026-03-28,10,0,Hourly,DAM,30765_LOSBANOS_230_30790_PANOCHE _230_BR_2 _1,30765_LOSBANOS_230_30790_PANOCHE _230_BR_2 _1,PG1 LOSBNS 500-230 BK1,25.69196,17
2026-03-28T17:00:00-00:00,2026-03-28T18:00:00-00:00,2026-03-28,11,0,Hourly,DAM,30765_LOSBANOS_230_30790_PANOCHE _230_BR_2 _1,30765_LOSBANOS_230_30790_PANOCHE _230_BR_2 _1,PG1 LOSBNS 500-230 BK1,28.33038,17
2026-03-28T18:00:00-00:00,2026-03-28T19:00:00-00:00,2026-03-28,12,0,Hourly,DAM,30765_LOSBANOS_230_30790_PANOCHE _230_BR_2 _1,30765_LOSBANOS_230_30790_PANOCHE _230_BR_2 _1,PG1 LOSBNS 500-230 BK1,25.48102,17
2026-03-28T19:00:00-00:00,2026-03-28T20:00:00-00:00,2026-03-28,13,0,Hourly,DAM,30765_LOSBANOS_230_30790_PANOCHE _230_BR_2 _1,30765_LOSBANOS_230_30790_PANOCHE _230_BR_2 _1,PG1 LOSBNS 500-230 BK1,23.44984,17
2026-03-28T20:00:00-00:00,2026-03-28T21:00:00-00:00,2026-03-28,14,0,Hourly,DAM,30765_LOSBANOS_230_30790_PANOCHE _230_BR_2 _1,30765_LOSBANOS_230_30790_PANOCHE _230_BR_2 _1,PG1 LOSBNS 500-230 BK1,23.30721,17
2026-03-28T21:00:00-00:00,2026-03-28T22:00:00-00:00,2026-03-28,15,0,Hourly,DAM,30765_LOSBANOS_230_30790_PANOCHE _230_BR_2 _1,30765_LOSBANOS_230_30790_PANOCHE _230_BR_2 _1,PG1 LOSBNS 500-230 BK1,23.42555,17
2026-03-28T22:00:00-00:00,2026-03-28T23:00:00-00:00,2026-03-28,16,0,Hourly,DAM,30765_LOSBANOS_230_30790_PANOCHE _230_BR_2 _1,30765_LOSBANOS_230_30790_PANOCHE _230_BR_2 _1,PG1 LOSBNS 500-230 BK1,26.83103,17
2026-03-28T23:00:00-00:00,2026-03-29T00:00:00-00:00,2026-03-28,17,0,Hourly,DAM,30765_LOSBANOS_230_30790_PANOCHE _230_BR_2 _1,30765_LOSBANOS_230_30790_PANOCHE _230_BR_2 _1,PG1 LOSBNS 500-230 BK1,38.19081,17
2026-03-28T15:00:00-00:00,2026-03-28T16:00:00-00:00,2026-03-28,9,0,Hourly,DAM,30790_PANOCHE _230_30900_GATES   _230_BR_2 _1,30790_PANOCHE _230_30900_GATES   _230_BR_2 _1,PG1 GATES 500-230 BK12,8.44214,18
2026-03-28T16:00:00-00:00,2026-03-28T17:00:00-00:00,2026-03-28,10,0,Hourly,DAM,30790_PANOCHE _230_30900_GATES   _230_BR_2 _1,30790_PANOCHE _230_30900_GATES   _230_BR_2 _1,PG1 GATES 500-230 BK12,8.81649,18
2026-03-28T17:00:00-00:00,2026-03-28T18:00:00-00:00,2026-03-28,11,0,Hourly,DAM,30790_PANOCHE _230_30900_GATES   _230_BR_2 _1,30790_PANOCHE _230_30900_GATES   _230_BR_2 _1,PG1 GATES 500-230 BK12,7.54163,18
2026-03-28T18:00:00-00:00,2026-03-28T19:00:00-00:00,2026-03-28,12,0,Hourly,DAM,30790_PANOCHE _230_30900_GATES   _230_BR_2 _1,30790_PANOCHE _230_30900_GATES   _230_BR_2 _1,PG1 GATES 500-230 BK12,8.2258,18
2026-03-28T19:00:00-00:00,2026-03-28T20:00:00-00:00,2026-03-28,13,0,Hourly,DAM,30790_PANOCHE _230_30900_GATES   _230_BR_2 _1,30790_PANOCHE _230_30900_GATES   _230_BR_2 _1,PG1 GATES 500-230 BK12,4.12914,18
2026-03-28T20:00:00-00:00,2026-03-28T21:00:00-00:00,2026-03-28,14,0,Hourly,DAM,30790_PANOCHE _230_30900_GATES   _230_BR_2 _1,30790_PANOCHE _230_30900_GATES   _230_BR_2 _1,PG1 GATES 500-230 BK12,4.09091,18
2026-03-28T21:00:00-00:00,2026-03-28T22:00:00-00:00,2026-03-28,15,0,Hourly,DAM,30790_PANOCHE _230_30900_GATES   _230_BR_2 _1,30790_PANOCHE _230_30900_GATES   _230_BR_2 _1,PG1 GATES 500-230 BK12,4.07753,18
2026-03-28T22:00:00-00:00,2026-03-28T23:00:00-00:00,2026-03-28,16,0,Hourly,DAM,30790_PANOCHE _230_30900_GATES   _230_BR_2 _1,30790_PANOCHE _230_30900_GATES   _230_BR_2 _1,PG1 GATES 500-230 BK12,5.22841,18
2026-03-28T07:00:00-00:00,2026-03-28T08:00:00-00:00,2026-03-28,1,0,Hourly,DAM,32214_RIO OSO _115_32244_BRNSWKT2_115_BR_2 _1,32214_RIO OSO _115_32244_BRNSWKT2_115_BR_2 _1,PG1 BELL-HIGGNS 115,3.98637,19
2026-03-28T08:00:00-00:00,2026-03-28T09:00:00-00:00,2026-03-28,2,0,Hourly,DAM,32214_RIO OSO _115_32244_BRNSWKT2_115_BR_2 _1,32214_RIO OSO _115_32244_BRNSWKT2_115_BR_2 _1,PG1 BELL-HIGGNS 115,5.95358,19
2026-03-28T10:00:00-00:00,2026-03-28T11:00:00-00:00,2026-03-28,4,0,Hourly,DAM,32214_RIO OSO _115_32244_BRNSWKT2_115_BR_2 _1,32214_RIO OSO _115_32244_BRNSWKT2_115_BR_2 _1,PG1 BELL-HIGGNS 115,12.70866,19
2026-03-28T11:00:00-00:00,2026-03-28T12:00:00-00:00,2026-03-28,5,0,Hourly,DAM,32214_RIO OSO _115_32244_BRNSWKT2_115_BR_2 _1,32214_RIO OSO _115_32244_BRNSWKT2_115_BR_2 _1,PG1 BELL-HIGGNS 115,17.26745,19
2026-03-28T12:00:00-00:00,2026-03-28T13:00:00-00:00,2026-03-28,6,0,Hourly,DAM,32214_RIO OSO _115_32244_BRNSWKT2_115_BR_2 _1,32214_RIO OSO _115_32244_BRNSWKT2_115_BR_2 _1,PG1 BELL-HIGGNS 115,15.80666,19
2026-03-28T13:00:00-00:00,2026-03-28T14:00:00-00:00,2026-03-28,7,0,Hourly,DAM,32214_RIO OSO _115_32244_BRNSWKT2_115_BR_2 _1,32214_RIO OSO _115_32244_BRNSWKT2_115_BR_2 _1,PG1 BELL-HIGGNS 115,12.08229,19
2026-03-28T14:00:00-00:00,2026-03-28T15:00:00-00:00,2026-03-28,8,0,Hourly,DAM,32214_RIO OSO _115_32244_BRNSWKT2_115_BR_2 _1,32214_RIO OSO _115_32244_BRNSWKT2_115_BR_2 _1,PG1 BELL-HIGGNS 115,0.15114,19
2026-03-28T15:00:00-00:00,2026-03-28T16:00:00-00:00,2026-03-28,9,0,Hourly,DAM,32214_RIO OSO _115_32244_BRNSWKT2_115_BR_2 _1,32214_RIO OSO _115_32244_BRNSWKT2_115_BR_2 _1,PG1 BELL-HIGGNS 115,2.93907,19
2026-03-28T16:00:00-00:00,2026-03-28T17:00:00-00:00,2026-03-28,10,0,Hourly,DAM,32214_RIO OSO _115_32244_BRNSWKT2_115_BR_2 _1,32214_RIO OSO _115_32244_BRNSWKT2_115_BR_2 _1,PG1 BELL-HIGGNS 115,29.00823,19
2026-03-28T17:00:00-00:00,2026-03-28T18:00:00-00:00,2026-03-28,11,0,Hourly,DAM,32214_RIO OSO _115_32244_BRNSWKT2_115_BR_2 _1,32214_RIO OSO _115_32244_BRNSWKT2_115_BR_2 _1,PG1 BELL-HIGGNS 115,23.20128,19
2026-03-28T18:00:00-00:00,2026-03-28T19:00:00-00:00,2026-03-28,12,0,Hourly,DAM,32214_RIO OSO _115_32244_BRNSWKT2_115_BR_2 _1,32214_RIO OSO _115_32244_BRNSWKT2_115_BR_2 _1,PG1 BELL-HIGGNS 115,21.05436,19
2026-03-28T19:00:00-00:00,2026-03-28T20:00:00-00:00,2026-03-28,13,0,Hourly,DAM,32214_RIO OSO _115_32244_BRNSWKT2_115_BR_2 _1,32214_RIO OSO _115_32244_BRNSWKT2_115_BR_2 _1,PG1 BELL-HIGGNS 115,1.21543,19
2026-03-28T20:00:00-00:00,2026-03-28T21:00:00-00:00,2026-03-28,14,0,Hourly,DAM,32214_RIO OSO _115_32244_BRNSWKT2_115_BR_2 _1,32214_RIO OSO _115_32244_BRNSWKT2_115_BR_2 _1,PG1 BELL-HIGGNS 115,1.40436,19
2026-03-28T21:00:00-00:00,2026-03-28T22:00:00-00:00,2026-03-28,15,0,Hourly,DAM,32214_RIO OSO _115_32244_BRNSWKT2_115_BR_2 _1,32214_RIO OSO _115_32244_BRNSWKT2_115_BR_2 _1,PG1 BELL-HIGGNS 115,7.07932,19
2026-03-28T22:00:00-00:00,2026-03-28T23:00:00-00:00,2026-03-28,16,0,Hourly,DAM,32214_RIO OSO _115_32244_BRNSWKT2_115_BR_2 _1,32214_RIO OSO _115_32244_BRNSWKT2_115_BR_2 _1,PG1 BELL-HIGGNS 115,10.04634,19
2026-03-28T23:00:00-00:00,2026-03-29T00:00:00-00:00,2026-03-28,17,0,Hourly,DAM,32214_RIO OSO _115_32244_BRNSWKT2_115_BR_2 _1,32214_RIO OSO _115_32244_BRNSWKT2_115_BR_2 _1,PG1 BELL-HIGGNS 115,7.47862,19
2026-03-29T02:00:00-00:00,2026-03-29T03:00:00-00:00,2026-03-28,20,0,Hourly,DAM,32214_RIO OSO _115_32244_BRNSWKT2_115_BR_2 _1,32214_RIO OSO _115_32244_BRNSWKT2_115_BR_2 _1,PG1 BELL-HIGGNS 115,0.85135,19
2026-03-29T03:00:00-00:00,2026-03-29T04:00:00-00:00,2026-03-28,21,0,Hourly,DAM,32214_RIO OSO _115_32244_BRNSWKT2_115_BR_2 _1,32214_RIO OSO _115_32244_BRNSWKT2_115_BR_2 _1,PG1 BELL-HIGGNS 115,11.57458,19
2026-03-29T04:00:00-00:00,2026-03-29T05:00:00-00:00,2026-03-28,22,0,Hourly,DAM,32214_RIO OSO _115_32244_BRNSWKT2_115_BR_2 _1,32214_RIO OSO _115_32244_BRNSWKT2_115_BR_2 _1,PG1 BELL-HIGGNS 115,8.13721,19
2026-03-29T05:00:00-00:00,2026-03-29T06:00:00-00:00,2026-03-28,23,0,Hourly,DAM,32214_RIO OSO _115_32244_BRNSWKT2_115_BR_2 _1,32214_RIO OSO _115_32244_BRNSWKT2_115_BR_2 _1,PG1 BELL-HIGGNS 115,3.53471,19
2026-03-28T22:00:00-00:00,2026-03-28T23:00:00-00:00,2026-03-28,16,0,Hourly,DAM,34116_LE GRAND_115_34115_ADRA TAP_115_BR_1 _1,34116_LE GRAND_115_34115_ADRA TAP_115_BR_1 _1,PG1 MNDOTA-PNOCHE 115,1.98542,20
2026-03-29T00:00:00-00:00,2026-03-29T01:00:00-00:00,2026-03-28,18,0,Hourly,DAM,34116_LE GRAND_115_34115_ADRA TAP_115_BR_1 _1,34116_LE GRAND_115_34115_ADRA TAP_115_BR_1 _1,PG1 MNDOTA-PNOCHE 115,23.42345,20
2026-03-28T20:00:00-00:00,2026-03-28T21:00:00-00:00,2026-03-28,14,0,Hourly,DAM,34158_PANOCHE _115_34350_KAMM    _115_BR_1 _1,34158_PANOCHE _115_34350_KAMM    _115_BR_1 _1,PG1 PNOCHE-EXCLSS 115 2_M,0.41571,21
2026-03-28T22:00:00-00:00,2026-03-28T23:00:00-00:00,2026-03-28,16,0,Hourly,DAM,34158_PANOCHE _115_34350_KAMM    _115_BR_1 _1,34158_PANOCHE _115_34350_KAMM    _115_BR_1 _1,PG1 PNOCHE-EXCLSS 115 2_M,0.33801,21
2026-03-28T18:00:00-00:00,2026-03-28T19:00:00-00:00,2026-03-28,12,0,Hourly,DAM,34540_HENRITTA_70.0_30881_HENRIETA_230_XF_4,34540_HENRITTA_70.0_30881_HENRIETA_230_XF_4,Base Case,0.42168,22
2026-03-28T20:00:00-00:00,2026-03-28T21:00:00-00:00,2026-03-28,14,0,Hourly,DAM,34540_HENRITTA_70.0_30881_HENRIETA_230_XF_4,34540_HENRITTA_70.0_30881_HENRIETA_230_XF_4,Base Case,2.60036,22
2026-03-28T18:00:00-00:00,2026-03-28T19:00:00-00:00,2026-03-28,12,0,Hourly,DAM,34860_TAFT    _70.0_34943_Q356TAP _70.0_BR_1 _1,34860_TAFT    _70.0_34943_Q356TAP _70.0_BR_1 _1,Base Case,0.72614,23
2026-03-28T07:00:00-00:00,2026-03-28T08:00:00-00:00,2026-03-28,1,0,Hourly,DAM,7690-CONTRL-INYOKN_EXP_NG,7690-CONTRL-INYOKN_EXP_NG,Base Case,-99.34878,24
2026-03-28T08:00:00-00:00,2026-03-28T09:00:00-00:00,2026-03-28,2,0,Hourly,DAM,7690-CONTRL-INYOKN_EXP_NG,7690-CONTRL-INYOKN_EXP_NG,Base Case,-101.67973,24
2026-03-28T09:00:00-00:00,2026-03-28T10:00:00-00:00,2026-03-28,3,0,Hourly,DAM,7690-CONTRL-INYOKN_EXP_NG,7690-CONTRL-INYOKN_EXP_NG,Base Case,-99.76824,24
2026-03-28T10:00:00-00:00,2026-03-28T11:00:00-00:00,2026-03-28,4,0,Hourly,DAM,7690-CONTRL-INYOKN_EXP_NG,7690-CONTRL-INYOKN_EXP_NG,Base Case,-99.21152,24
2026-03-28T11:00:00-00:00,2026-03-28T12:00:00-00:00,2026-03-28,5,0,Hourly,DAM,7690-CONTRL-INYOKN_EXP_NG,7690-CONTRL-INYOKN_EXP_NG,Base Case,-101.33155,24
2026-03-28T12:00:00-00:00,2026-03-28T13:00:00-00:00,2026-03-28,6,0,Hourly,DAM,7690-CONTRL-INYOKN_EXP_NG,7690-CONTRL-INYOKN_EXP_NG,Base Case,-98.22176,24
2026-03-28T13:00:00-00:00,2026-03-28T14:00:00-00:00,2026-03-28,7,0,Hourly,DAM,7690-CONTRL-INYOKN_EXP_NG,7690-CONTRL-INYOKN_EXP_NG,Base Case,-83.38334,24
2026-03-28T14:00:00-00:00,2026-03-28T15:00:00-00:00,2026-03-28,8,0,Hourly,DAM,7690-CONTRL-INYOKN_EXP_NG,7690-CONTRL-INYOKN_EXP_NG,Base Case,-89.313,24
2026-03-28T15:00:00-00:00,2026-03-28T16:00:00-00:00,2026-03-28,9,0,Hourly,DAM,7690-CONTRL-INYOKN_EXP_NG,7690-CONTRL-INYOKN_EXP_NG,Base Case,-84.35514,24
2026-03-28T16:00:00-00:00,2026-03-28T17:00:00-00:00,2026-03-28,10,0,Hourly,DAM,7690-CONTRL-INYOKN_EXP_NG,7690-CONTRL-INYOKN_EXP_NG,Base Case,-89.5291,24
2026-03-28T17:00:00-00:00,2026-03-28T18:00:00-00:00,2026-03-28,11,0,Hourly,DAM,7690-CONTRL-INYOKN_EXP_NG,7690-CONTRL-INYOKN_EXP_NG,Base Case,-76.18229,24
2026-03-28T18:00:00-00:00,2026-03-28T19:00:00-00:00,2026-03-28,12,0,Hourly,DAM,7690-CONTRL-INYOKN_EXP_NG,7690-CONTRL-INYOKN_EXP_NG,Base Case,-60.13507,24
2026-03-28T19:00:00-00:00,2026-03-28T20:00:00-00:00,2026-03-28,13,0,Hourly,DAM,7690-CONTRL-INYOKN_EXP_NG,7690-CONTRL-INYOKN_EXP_NG,Base Case,-60.12611,24
2026-03-28T20:00:00-00:00,2026-03-28T21:00:00-00:00,2026-03-28,14,0,Hourly,DAM,7690-CONTRL-INYOKN_EXP_NG,7690-CONTRL-INYOKN_EXP_NG,Base Case,-69.15498,24
2026-03-28T21:00:00-00:00,2026-03-28T22:00:00-00:00,2026-03-28,15,0,Hourly,DAM,7690-CONTRL-INYOKN_EXP_NG,7690-CONTRL-INYOKN_EXP_NG,Base Case,-53.16876,24
2026-03-28T22:00:00-00:00,2026-03-28T23:00:00-00:00,2026-03-28,16,0,Hourly,DAM,7690-CONTRL-INYOKN_EXP_NG,7690-CONTRL-INYOKN_EXP_NG,Base Case,-50.3181,24
2026-03-28T23:00:00-00:00,2026-03-29T00:00:00-00:00,2026-03-28,17,0,Hourly,DAM,7690-CONTRL-INYOKN_EXP_NG,7690-CONTRL-INYOKN_EXP_NG,Base Case,-56.02822,24
2026-03-29T00:00:00-00:00,2026-03-29T01:00:00-00:00,2026-03-28,18,0,Hourly,DAM,7690-CONTRL-INYOKN_EXP_NG,7690-CONTRL-INYOKN_EXP_NG,Base Case,-62.95848,24
2026-03-29T01:00:00-00:00,2026-03-29T02:00:00-00:00,2026-03-28,19,0,Hourly,DAM,7690-CONTRL-INYOKN_EXP_NG,7690-CONTRL-INYOKN_EXP_NG,Base Case,-60.24361,24
2026-03-29T02:00:00-00:00,2026-03-29T03:00:00-00:00,2026-03-28,20,0,Hourly,DAM,7690-CONTRL-INYOKN_EXP_NG,7690-CONTRL-INYOKN_EXP_NG,Base Case,-66.12721,24
2026-03-29T03:00:00-00:00,2026-03-29T04:00:00-00:00,2026-03-28,21,0,Hourly,DAM,7690-CONTRL-INYOKN_EXP_NG,7690-CONTRL-INYOKN_EXP_NG,Base Case,-65.26943,24
2026-03-29T04:00:00-00:00,2026-03-29T05:00:00-00:00,2026-03-28,22,0,Hourly,DAM,7690-CONTRL-INYOKN_EXP_NG,7690-CONTRL-INYOKN_EXP_NG,Base Case,-67.1393,24
2026-03-29T05:00:00-00:00,2026-03-29T06:00:00-00:00,2026-03-28,23,0,Hourly,DAM,7690-CONTRL-INYOKN_EXP_NG,7690-CONTRL-INYOKN_EXP_NG,Base Case,-78.57483,24
2026-03-29T06:00:00-00:00,2026-03-29T07:00:00-00:00,2026-03-28,24,0,Hourly,DAM,7690-CONTRL-INYOKN_EXP_NG,7690-CONTRL-INYOKN_EXP_NG,Base Case,-72.87106,24
2026-03-28T16:00:00-00:00,2026-03-28T17:00:00-00:00,2026-03-28,10,0,Hourly,DAM,7690-COOLWATER_KRAMER_IM_NG,7690-COOLWATER_KRAMER_IM_NG,Base Case,-2.38249,25
2026-03-28T17:00:00-00:00,2026-03-28T18:00:00-00:00,2026-03-28,11,0,Hourly,DAM,7690-COOLWATER_KRAMER_IM_NG,7690-COOLWATER_KRAMER_IM_NG,Base Case,-0.93225,25
2026-03-28T18:00:00-00:00,2026-03-28T19:00:00-00:00,2026-03-28,12,0,Hourly,DAM,7690-COOLWATER_KRAMER_IM_NG,7690-COOLWATER_KRAMER_IM_NG,Base Case,-0.31324,25
2026-03-28T19:00:00-00:00,2026-03-28T20:00:00-00:00,2026-03-28,13,0,Hourly,DAM,7690-COOLWATER_KRAMER_IM_NG,7690-COOLWATER_KRAMER_IM_NG,Base Case,-0.24415,25
2026-03-28T20:00:00-00:00,2026-03-28T21:00:00-00:00,2026-03-28,14,0,Hourly,DAM,7690-COOLWATER_KRAMER_IM_NG,7690-COOLWATER_KRAMER_IM_NG,Base Case,-0.6945,25
2026-03-28T21:00:00-00:00,2026-03-28T22:00:00-00:00,2026-03-28,15,0,Hourly,DAM,7690-COOLWATER_KRAMER_IM_NG,7690-COOLWATER_KRAMER_IM_NG,Base Case,-0.13837,25
2026-03-29T04:00:00-00:00,2026-03-29T05:00:00-00:00,2026-03-28,22,0,Hourly,DAM,7820_TL 230S_OVERLOAD_NG,7820_TL 230S_OVERLOAD_NG,Base Case,-8.68142,26
2026-03-29T06:00:00-00:00,2026-03-29T07:00:00-00:00,2026-03-28,24,0,Hourly,DAM,7820_TL 230S_OVERLOAD_NG,7820_TL 230S_OVERLOAD_NG,Base Case,-7.00275,26
2026-03-29T00:00:00-00:00,2026-03-29T01:00:00-00:00,2026-03-28,18,0,Hourly,DAM,7820_TL 50002_IV-NG-OUT_SOS,7820_TL 50002_IV-NG-OUT_SOS,Base Case,-0.60638,27
2026-03-29T01:00:00-00:00,2026-03-29T02:00:00-00:00,2026-03-28,19,0,Hourly,DAM,7820_TL 50002_IV-NG-OUT_SOS,7820_TL 50002_IV-NG-OUT_SOS,Base Case,-3.85092,27
2026-03-28T17:00:00-00:00,2026-03-28T18:00:00-00:00,2026-03-28,11,0,Hourly,DAM,HUMBOLDT_IMP_NG,HUMBOLDT_IMP_NG,Base Case,-5.33961,28
2026-03-30T00:00:00-00:00,2026-03-30T01:00:00-00:00,2026-03-29,18,0,Hourly,DAM,22208_EL CAJON_69.0_22408_LOSCOCHS_69.0_BR_1 _1,22208_EL CAJON_69.0_22408_LOSCOCHS_69.0_BR_1 _1,SD1 LCOCHS-GR-MIGUEL 69,22.09621,29
2026-03-29T07:00:00-00:00,2026-03-29T08:00:00-00:00,2026-03-29,1,0,Hourly,DAM,24141_SPRINGVL_230_24304_BIG CRK4_230_BR_1 _1,24141_SPRINGVL_230_24304_BIG CRK4_230_BR_1 _1,SC1 BGCRK3-RECTOR_2 230,32.55801,30
2026-03-29T08:00:00-00:00,2026-03-29T09:00:00-00:00,2026-03-29,2,0,Hourly,DAM,24141_SPRINGVL_230_24304_BIG CRK4_230_BR_1 _1,24141_SPRINGVL_230_24304_BIG CRK4_230_BR_1 _1,SC1 BGCRK3-RECTOR_2 230,32.26602,30
2026-03-29T09:00:00-00:00,2026-03-29T10:00:00-00:00,2026-03-29,3,0,Hourly,DAM,24141_SPRINGVL_230_24304_BIG CRK4_230_BR_1 _1,24141_SPRINGVL_230_24304_BIG CRK4_230_BR_1 _1,SC1 BGCRK3-RECTOR_2 230,31.23094,30
2026-03-29T10:00:00-00:00,2026-03-29T11:00:00-00:00,2026-03-29,4,0,Hourly,DAM,24141_SPRINGVL_230_24304_BIG CRK4_230_BR_1 _1,24141_SPRINGVL_230_24304_BIG CRK4_230_BR_1 _1,SC1 BGCRK3-RECTOR_2 230,30.9359,30
2026-03-29T11:00:00-00:00,2026-03-29T12:00:00-00:00,2026-03-29,5,0,Hourly,DAM,24141_SPRINGVL_230_24304_BIG CRK4_230_BR_1 _1,24141_SPRINGVL_230_24304_BIG CRK4_230_BR_1 _1,SC1 BGCRK3-RECTOR_2 230,30.27187,30
2026-03-29T12:00:00-00:00,2026-03-29T13:00:00-00:00,2026-03-29,6,0,Hourly,DAM,24141_SPRINGVL_230_24304_BIG CRK4_230_BR_1 _1,24141_SPRINGVL_230_24304_BIG CRK4_230_BR_1 _1,SC1 BGCRK3-RECTOR_2 230,30.66353,30
2026-03-29T13:00:00-00:00,2026-03-29T14:00:00-00:00,2026-03-29,7,0,Hourly,DAM,24141_SPRINGVL_230_24304_BIG CRK4_230_BR_1 _1,24141_SPRINGVL_230_24304_BIG CRK4_230_BR_1 _1,SC1 BGCRK3-RECTOR_2 230,32.10218,30
2026-03-29T14:00:00-00:00,2026-03-29T15:00:00-00:00,2026-03-29,8,0,Hourly,DAM,24141_SPRINGVL_230_24304_BIG CRK4_230_BR_1 _1,24141_SPRINGVL_230_24304_BIG CRK4_230_BR_1 _1,SC1 BGCRK3-RECTOR_2 230,30.32548,30
2026-03-30T00:00:00-00:00,2026-03-30T01:00:00-00:00,2026-03-29,18,0,Hourly,DAM,24141_SPRINGVL_230_24304_BIG CRK4_230_BR_1 _1,24141_SPRINGVL_230_24304_BIG CRK4_230_BR_1 _1,SC1 BGCRK3-RECTOR_2 230,17.36873,30
2026-03-30T01:00:00-00:00,2026-03-30T02:00:00-00:00,2026-03-29,19,0,Hourly,DAM,24141_SPRINGVL_230_24304_BIG CRK4_230_BR_1 _1,24141_SPRINGVL_230_24304_BIG CRK4_230_BR_1 _1,SC1 BGCRK3-RECTOR_2 230,36.61762,30
2026-03-30T02:00:00-00:00,2026-03-30T03:00:00-00:00,2026-03-29,20,0,Hourly,DAM,24141_SPRINGVL_230_24304_BIG CRK4_230_BR_1 _1,24141_SPRINGVL_230_24304_BIG CRK4_230_BR_1 _1,SC1 BGCRK3-RECTOR_2 230,36.34682,30
2026-03-30T03:00:00-00:00,2026-03-30T04:00:00-00:00,2026-03-29,21,0,Hourly,DAM,24141_SPRINGVL_230_24304_BIG CRK4_230_BR_1 _1,24141_SPRINGVL_230_24304_BIG CRK4_230_BR_1 _1,SC1 BGCRK3-RECTOR_2 230,36.52679,30
2026-03-30T04:00:00-00:00,2026-03-30T05:00:00-00:00,2026-03-29,22,0,Hourly,DAM,24141_SPRINGVL_230_24304_BIG CRK4_230_BR_1 _1,24141_SPRINGVL_230_24304_BIG CRK4_230_BR_1 _1,SC1 BGCRK3-RECTOR_2 230,36.01943,30
2026-03-30T05:00:00-00:00,2026-03-30T06:00:00-00:00,2026-03-29,23,0,Hourly,DAM,24141_SPRINGVL_230_24304_BIG CRK4_230_BR_1 _1,24141_SPRINGVL_230_24304_BIG CRK4_230_BR_1 _1,SC1 BGCRK3-RECTOR_2 230,35.09445,30
2026-03-30T06:00:00-00:00,2026-03-30T07:00:00-00:00,2026-03-29,24,0,Hourly,DAM,24141_SPRINGVL_230_24304_BIG CRK4_230_BR_1 _1,24141_SPRINGVL_230_24304_BIG CRK4_230_BR_1 _1,SC1 BGCRK3-RECTOR_2 230,34.68989,30
2026-03-29T19:00:00-00:00,2026-03-29T20:00:00-00:00,2026-03-29,13,0,Hourly,DAM,24420_NEENACH _66.0_24452_TAP 85  _66.0_BR_1 _1,24420_NEENACH _66.0_24452_TAP 85  _66.0_BR_1 _1,Base Case,1.45986,31
2026-03-29T15:00:00-00:00,2026-03-29T16:00:00-00:00,2026-03-29,9,0,Hourly,DAM,30750_MOSSLD  _230_30797_LASAGUIL_230_BR_1 _1,30750_MOSSLD  _230_30797_LASAGUIL_230_BR_1 _1,PG1 MOSSLD-LOSBNS 500,17.77852,32
2026-03-29T16:00:00-00:00,2026-03-29T17:00:00-00:00,2026-03-29,10,0,Hourly,DAM,30750_MOSSLD  _230_30797_LASAGUIL_230_BR_1 _1,30750_MOSSLD  _230_30797_LASAGUIL_230_BR_1 _1,PG1 MOSSLD-LOSBNS 500,32.31655,32
2026-03-29T17:00:00-00:00,2026-03-29T18:00:00-00:00,2026-03-29,11,0,Hourly,DAM,30750_MOSSLD  _230_30797_LASAGUIL_230_BR_1 _1,30750_MOSSLD  _230_30797_LASAGUIL_230_BR_1 _1,PG1 MOSSLD-LOSBNS 500,32.68882,32
2026-03-29T23:00:00-00:00,2026-03-30T00:00:00-00:00,2026-03-29,17,0,Hourly,DAM,30750_MOSSLD  _230_30797_LASAGUIL_230_BR_1 _1,30750_MOSSLD  _230_30797_LASAGUIL_230_BR_1 _1,PG1 MOSSLD-LOSBNS 500,62.42685,32
2026-03-30T00:00:00-00:00,2026-03-30T01:00:00-00:00,2026-03-29,18,0,Hourly,DAM,30750_MOSSLD  _230_30797_LASAGUIL_230_BR_1 _1,30750_MOSSLD  _230_30797_LASAGUIL_230_BR_1 _1,PG1 MOSSLD-LOSBNS 500,136.95879,32
2026-03-29T15:00:00-00:00,2026-03-29T16:00:00-00:00,2026-03-29,9,0,Hourly,DAM,30765_LOSBANOS_230_30790_PANOCHE _230_BR_2 _1,30765_LOSBANOS_230_30790_PANOCHE _230_BR_2 _1,PG1 LOSBNS 500-230 BK1,40.88929,33
2026-03-29T16:00:00-00:00,2026-03-29T17:00:00-00:00,2026-03-29,10,0,Hourly,DAM,30765_LOSBANOS_230_30790_PANOCHE _230_BR_2 _1,30765_LOSBANOS_230_30790_PANOCHE _230_BR_2 _1,PG1 LOSBNS 500-230 BK1,26.68488,33
2026-03-29T17:00:00-00:00,2026-03-29T18:00:00-00:00,2026-03-29,11,0,Hourly,DAM,30765_LOSBANOS_230_30790_PANOCHE _230_BR_2 _1,30765_LOSBANOS_230_30790_PANOCHE _230_BR_2 _1,PG1 LOSBNS 500-230 BK1,13.80662,33
2026-03-29T18:00:00-00:00,2026-03-29T19:00:00-00:00,2026-03-29,12,0,Hourly,DAM,30765_LOSBANOS_230_30790_PANOCHE _230_BR_2 _1,30765_LOSBANOS_230_30790_PANOCHE _230_BR_2 _1,PG1 LOSBNS 500-230 BK1,18.07077,33
2026-03-29T19:00:00-00:00,2026-03-29T20:00:00-00:00,2026-03-29,13,0,Hourly,DAM,30765_LOSBANOS_230_30790_PANOCHE _230_BR_2 _1,30765_LOSBANOS_230_30790_PANOCHE _230_BR_2 _1,PG1 LOSBNS 500-230 BK1,21.36132,33
2026-03-29T20:00:00-00:00,2026-03-29T21:00:00-00:00,2026-03-29,14,0,Hourly,DAM,30765_LOSBANOS_230_30790_PANOCHE _230_BR_2 _1,30765_LOSBANOS_230_30790_PANOCHE _230_BR_2 _1,PG1 LOSBNS 500-230 BK1,19.77726,33
2026-03-29T21:00:00-00:00,2026-03-29T22:00:00-00:00,2026-03-29,15,0,Hourly,DAM,30765_LOSBANOS_230_30790_PANOCHE _230_BR_2 _1,30765_LOSBANOS_230_30790_PANOCHE _230_BR_2 _1,PG1 LOSBNS 500-230 BK1,17.71119,33
2026-03-29T22:00:00-00:00,2026-03-29T23:00:00-00:00,2026-03-29,16,0,Hourly,DAM,30765_LOSBANOS_230_30790_PANOCHE _230_BR_2 _1,30765_LOSBANOS_230_30790_PANOCHE _230_BR_2 _1,PG1 LOSBNS 500-230 BK1,24.21125,33
2026-03-29T21:00:00-00:00,2026-03-29T22:00:00-00:00,2026-03-29,15,0,Hourly,DAM,30790_PANOCHE _230_30900_GATES   _230_BR_2 _1,30790_PANOCHE _230_30900_GATES   _230_BR_2 _1,PG1 GATES 500-230 BK12,0.32642,34
2026-03-29T23:00:00-00:00,2026-03-30T00:00:00-00:00,2026-03-29,17,0,Hourly,DAM,30790_PANOCHE _230_30900_GATES   _230_BR_2 _1,30790_PANOCHE _230_30900_GATES   _230_BR_2 _1,PG1 GATES 500-230 BK12,5.49148,34
2026-03-29T16:00:00-00:00,2026-03-29T17:00:00-00:00,2026-03-29,10,0,Hourly,DAM,30790_PANOCHE _230_30900_GATES   _230_BR_2 _1,30790_PANOCHE _230_30900_GATES   _230_BR_2 _1,PG1 GATES-LOSBNS_1 500,7.90464,35
2026-03-29T20:00:00-00:00,2026-03-29T21:00:00-00:00,2026-03-29,14,0,Hourly,DAM,32314_SMRTSVLE_60.0_32316_YUBAGOLD_60.0_BR_1 _1,32314_SMRTSVLE_60.0_32316_YUBAGOLD_60.0_BR_1 _1,PG1 SMRTVL-ENICOL 60 2,11.76404,36
2026-03-29T21:00:00-00:00,2026-03-29T22:00:00-00:00,2026-03-29,15,0,Hourly,DAM,32314_SMRTSVLE_60.0_32316_YUBAGOLD_60.0_BR_1 _1,32314_SMRTSVLE_60.0_32316_YUBAGOLD_60.0_BR_1 _1,PG1 SMRTVL-ENICOL 60 2,12.13047,36
2026-03-29T21:00:00-00:00,2026-03-29T22:00:00-00:00,2026-03-29,15,0,Hourly,DAM,34116_LE GRAND_115_34115_ADRA TAP_115_BR_1 _1,34116_LE GRAND_115_34115_ADRA TAP_115_BR_1 _1,PG1 MNDOTA-PNOCHE 115,6.71409,37
2026-03-29T22:00:00-00:00,2026-03-29T23:00:00-00:00,2026-03-29,16,0,Hourly,DAM,34116_LE GRAND_115_34115_ADRA TAP_115_BR_1 _1,34116_LE GRAND_115_34115_ADRA TAP_115_BR_1 _1,PG1 MNDOTA-PNOCHE 115,1.22579,37
2026-03-30T00:00:00-00:00,2026-03-30T01:00:00-00:00,2026-03-29,18,0,Hourly,DAM,34116_LE GRAND_115_34115_ADRA TAP_115_BR_1 _1,34116_LE GRAND_115_34115_ADRA TAP_115_BR_1 _1,PG1 MNDOTA-PNOCHE 115,0.21863,37
2026-03-29T18:00:00-00:00,2026-03-29T19:00:00-00:00,2026-03-29,12,0,Hourly,DAM,34540_HENRITTA_70.0_30881_HENRIETA_230_XF_4,34540_HENRITTA_70.0_30881_HENRIETA_230_XF_4,Base Case,2.2103,38
2026-03-29T19:00:00-00:00,2026-03-29T20:00:00-00:00,2026-03-29,13,0,Hourly,DAM,34540_HENRITTA_70.0_30881_HENRIETA_230_XF_4,34540_HENRITTA_70.0_30881_HENRIETA_230_XF_4,Base Case,2.83751,38
2026-03-29T20:00:00-00:00,2026-03-29T21:00:00-00:00,2026-03-29,14,0,Hourly,DAM,34540_HENRITTA_70.0_30881_HENRIETA_230_XF_4,34540_HENRITTA_70.0_30881_HENRIETA_230_XF_4,Base Case,3.43886,38
2026-03-29T21:00:00-00:00,2026-03-29T22:00:00-00:00,2026-03-29,15,0,Hourly,DAM,34548_KETTLEMN_70.0_34552_GATES   _70.0_BR_1 _1,34548_KETTLEMN_70.0_34552_GATES   _70.0_BR_1 _1,Base Case,5.10167,39
2026-03-29T19:00:00-00:00,2026-03-29T20:00:00-00:00,2026-03-29,13,0,Hourly,DAM,34860_TAFT    _70.0_34943_Q356TAP _70.0_BR_1 _1,34860_TAFT    _70.0_34943_Q356TAP _70.0_BR_1 _1,Base Case,1.81156,40
2026-03-29T20:00:00-00:00,2026-03-29T21:00:00-00:00,2026-03-29,14,0,Hourly,DAM,34860_TAFT    _70.0_34943_Q356TAP _70.0_BR_1 _1,34860_TAFT    _70.0_34943_Q356TAP _70.0_BR_1 _1,Base Case,1.71971,40
2026-03-29T21:00:00-00:00,2026-03-29T22:00:00-00:00,2026-03-29,15,0,Hourly,DAM,34860_TAFT    _70.0_34943_Q356TAP _70.0_BR_1 _1,34860_TAFT    _70.0_34943_Q356TAP _70.0_BR_1 _1,Base Case,1.75093,40
2026-03-29T22:00:00-00:00,2026-03-29T23:00:00-00:00,2026-03-29,16,0,Hourly,DAM,34860_TAFT    _70.0_34943_Q356TAP _70.0_BR_1 _1,34860_TAFT    _70.0_34943_Q356TAP _70.0_BR_1 _1,Base Case,1.95274,40
2026-03-29T07:00:00-00:00,2026-03-29T08:00:00-00:00,2026-03-29,1,0,Hourly,DAM,7690-CONTRL-INYOKN_EXP_NG,7690-CONTRL-INYOKN_EXP_NG,Base Case,-80.65081,41
2026-03-29T08:00:00-00:00,2026-03-29T09:00:00-00:00,2026-03-29,2,0,Hourly,DAM,7690-CONTRL-INYOKN_EXP_NG,7690-CONTRL-INYOKN_EXP_NG,Base Case,-83.61375,41
2026-03-29T09:00:00-00:00,2026-03-29T10:00:00-00:00,2026-03-29,3,0,Hourly,DAM,7690-CONTRL-INYOKN_EXP_NG,7690-CONTRL-INYOKN_EXP_NG,Base Case,-87.14934,41
2026-03-29T10:00:00-00:00,2026-03-29T11:00:00-00:00,2026-03-29,4,0,Hourly,DAM,7690-CONTRL-INYOKN_EXP_NG,7690-CONTRL-INYOKN_EXP_NG,Base Case,-92.26406,41
2026-03-29T11:00:00-00:00,2026-03-29T12:00:00-00:00,2026-03-29,5,0,Hourly,DAM,7690-CONTRL-INYOKN_EXP_NG,7690-CONTRL-INYOKN_EXP_NG,Base Case,-95.43162,41
2026-03-29T12:00:00-00:00,2026-03-29T13:00:00-00:00,2026-03-29,6,0,Hourly,DAM,7690-CONTRL-INYOKN_EXP_NG,7690-CONTRL-INYOKN_EXP_NG,Base Case,-99.33614,41
2026-03-29T13:00:00-00:00,2026-03-29T14:00:00-00:00,2026-03-29,7,0,Hourly,DAM,7690-CONTRL-INYOKN_EXP_NG,7690-CONTRL-INYOKN_EXP_NG,Base Case,-92.09393,41
2026-03-29T14:00:00-00:00,2026-03-29T15:00:00-00:00,2026-03-29,8,0,Hourly,DAM,7690-CONTRL-INYOKN_EXP_NG,7690-CONTRL-INYOKN_EXP_NG,Base Case,-76.34766,41
2026-03-29T15:00:00-00:00,2026-03-29T16:00:00-00:00,2026-03-29,9,0,Hourly,DAM,7690-CONTRL-INYOKN_EXP_NG,7690-CONTRL-INYOKN_EXP_NG,Base Case,-52.66794,41
2026-03-29T16:00:00-00:00,2026-03-29T17:00:00-00:00,2026-03-29,10,0,Hourly,DAM,7690-CONTRL-INYOKN_EXP_NG,7690-CONTRL-INYOKN_EXP_NG,Base Case,-61.60638,41
2026-03-29T17:00:00-00:00,2026-03-29T18:00:00-00:00,2026-03-29,11,0,Hourly,DAM,7690-CONTRL-INYOKN_EXP_NG,7690-CONTRL-INYOKN_EXP_NG,Base Case,-89.00053,41
2026-03-29T18:00:00-00:00,2026-03-29T19:00:00-00:00,2026-03-29,12,0,Hourly,DAM,7690-CONTRL-INYOKN_EXP_NG,7690-CONTRL-INYOKN_EXP_NG,Base Case,-65.39917,41
2026-03-29T19:00:00-00:00,2026-03-29T20:00:00-00:00,2026-03-29,13,0,Hourly,DAM,7690-CONTRL-INYOKN_EXP_NG,7690-CONTRL-INYOKN_EXP_NG,Base Case,-47.30261,41
2026-03-29T20:00:00-00:00,2026-03-29T21:00:00-00:00,2026-03-29,14,0,Hourly,DAM,7690-CONTRL-INYOKN_EXP_NG,7690-CONTRL-INYOKN_EXP_NG,Base Case,-44.39064,41
2026-03-29T21:00:00-00:00,2026-03-29T22:00:00-00:00,2026-03-29,15,0,Hourly,DAM,7690-CONTRL-INYOKN_EXP_NG,7690-CONTRL-INYOKN_EXP_NG,Base Case,-47.7859,41
2026-03-29T22:00:00-00:00,2026-03-29T23:00:00-00:00,2026-03-29,16,0,Hourly,DAM,7690-CONTRL-INYOKN_EXP_NG,7690-CONTRL-INYOKN_EXP_NG,Base Case,-48.14337,41
2026-03-29T23:00:00-00:00,2026-03-30T00:00:00-00:00,2026-03-29,17,0,Hourly,DAM,7690-CONTRL-INYOKN_EXP_NG,7690-CONTRL-INYOKN_EXP_NG,Base Case,-48.60861,41
2026-03-30T00:00:00-00:00,2026-03-30T01:00:00-00:00,2026-03-29,18,0,Hourly,DAM,7690-CONTRL-INYOKN_EXP_NG,7690-CONTRL-INYOKN_EXP_NG,Base Case,-49.77095,41
2026-03-30T01:00:00-00:00,2026-03-30T02:00:00-00:00,2026-03-29,19,0,Hourly,DAM,7690-CONTRL-INYOKN_EXP_NG,7690-CONTRL-INYOKN_EXP_NG,Base Case,-61.93941,41
2026-03-30T02:00:00-00:00,2026-03-30T03:00:00-00:00,2026-03-29,20,0,Hourly,DAM,7690-CONTRL-INYOKN_EXP_NG,7690-CONTRL-INYOKN_EXP_NG,Base Case,-59.94368,41
2026-03-30T03:00:00-00:00,2026-03-30T04:00:00-00:00,2026-03-29,21,0,Hourly,DAM,7690-CONTRL-INYOKN_EXP_NG,7690-CONTRL-INYOKN_EXP_NG,Base Case,-66.99497,41
2026-03-30T04:00:00-00:00,2026-03-30T05:00:00-00:00,2026-03-29,22,0,Hourly,DAM,7690-CONTRL-INYOKN_EXP_NG,7690-CONTRL-INYOKN_EXP_NG,Base Case,-68.43925,41
2026-03-30T05:00:00-00:00,2026-03-30T06:00:00-00:00,2026-03-29,23,0,Hourly,DAM,7690-CONTRL-INYOKN_EXP_NG,7690-CONTRL-INYOKN_EXP_NG,Base Case,-74.40583,41
2026-03-30T06:00:00-00:00,2026-03-30T07:00:00-00:00,2026-03-29,24,0,Hourly,DAM,7690-CONTRL-INYOKN_EXP_NG,7690-CONTRL-INYOKN_EXP_NG,Base Case,-72.67306,41
2026-03-29T17:00:00-00:00,2026-03-29T18:00:00-00:00,2026-03-29,11,0,Hourly,DAM,7690-COOLWATER_KRAMER_IM_NG,7690-COOLWATER_KRAMER_IM_NG,Base Case,0,42
2026-03-29T20:00:00-00:00,2026-03-29T21:00:00-00:00,2026-03-29,14,0,Hourly,DAM,7690-COOLWATER_KRAMER_IM_NG,7690-COOLWATER_KRAMER_IM_NG,Base Case,0,42
2026-03-29T17:00:00-00:00,2026-03-29T18:00:00-00:00,2026-03-29,11,0,Hourly,DAM,7820_TL 230S_OVERLOAD_NG,7820_TL 230S_OVERLOAD_NG,Base Case,-4.97399,43
2026-03-29T18:00:00-00:00,2026-03-29T19:00:00-00:00,2026-03-29,12,0,Hourly,DAM,7820_TL 230S_OVERLOAD_NG,7820_TL 230S_OVERLOAD_NG,Base Case,-8.98486,43
2026-03-30T01:00:00-00:00,2026-03-30T02:00:00-00:00,2026-03-29,19,0,Hourly,DAM,7820_TL 230S_OVERLOAD_NG,7820_TL 230S_OVERLOAD_NG,Base Case,-0.12629,43
2026-03-30T02:00:00-00:00,2026-03-30T03:00:00-00:00,2026-03-29,20,0,Hourly,DAM,7820_TL 230S_OVERLOAD_NG,7820_TL 230S_OVERLOAD_NG,Base Case,-1.77721,43
2026-03-30T03:00:00-00:00,2026-03-30T04:00:00-00:00,2026-03-29,21,0,Hourly,DAM,7820_TL 230S_OVERLOAD_NG,7820_TL 230S_OVERLOAD_NG,Base Case,-25.72682,43
2026-03-30T04:00:00-00:00,2026-03-30T05:00:00-00:00,2026-03-29,22,0,Hourly,DAM,7820_TL 230S_OVERLOAD_NG,7820_TL 230S_OVERLOAD_NG,Base Case,-6.72959,43
2026-03-30T05:00:00-00:00,2026-03-30T06:00:00-00:00,2026-03-29,23,0,Hourly,DAM,7820_TL 230S_OVERLOAD_NG,7820_TL 230S_OVERLOAD_NG,Base Case,-5.40083,43
2026-03-30T06:00:00-00:00,2026-03-30T07:00:00-00:00,2026-03-29,24,0,Hourly,DAM,7820_TL 230S_OVERLOAD_NG,7820_TL 230S_OVERLOAD_NG,Base Case,-10.85325,43
2026-03-30T00:00:00-00:00,2026-03-30T01:00:00-00:00,2026-03-29,18,0,Hourly,DAM,7820_TL23040_IV_SPS_NG,7820_TL23040_IV_SPS_NG,Base Case,-61.00207,44
2026-03-29T16:00:00-00:00,2026-03-29T17:00:00-00:00,2026-03-29,10,0,Hourly,DAM,HUMBOLDT_IMP_NG,HUMBOLDT_IMP_NG,Base Case,-8.08125,45
2026-03-29T22:00:00-00:00,2026-03-29T23:00:00-00:00,2026-03-29,16,0,Hourly,DAM,HUMBOLDT_IMP_NG,HUMBOLDT_IMP_NG,Base Case,-5.83803,45
2026-03-29T23:00:00-00:00,2026-03-30T00:00:00-00:00,2026-03-29,17,0,Hourly,DAM,HUMBOLDT_IMP_NG,HUMBOLDT_IMP_NG,Base Case,-4.30209,45
2026-03-30T00:00:00-00:00,2026-03-30T01:00:00-00:00,2026-03-29,18,0,Hourly,DAM,HUMBOLDT_IMP_NG,HUMBOLDT_IMP_NG,Base Case,-6.38731,45
2026-03-31T02:00:00-00:00,2026-03-31T03:00:00-00:00,2026-03-30,20,0,Hourly,DAM,22208_EL CAJON_69.0_22408_LOSCOCHS_69.0_BR_1 _1,22208_EL CAJON_69.0_22408_LOSCOCHS_69.0_BR_1 _1,SD1 LCOCHS-GR-MIGUEL 69,194.86674,46
2026-03-31T03:00:00-00:00,2026-03-31T04:00:00-00:00,2026-03-30,21,0,Hourly,DAM,22208_EL CAJON_69.0_22408_LOSCOCHS_69.0_BR_1 _1,22208_EL CAJON_69.0_22408_LOSCOCHS_69.0_BR_1 _1,SD1 LCOCHS-GR-MIGUEL 69,182.84879,46
2026-03-31T04:00:00-00:00,2026-03-31T05:00:00-00:00,2026-03-30,22,0,Hourly,DAM,22208_EL CAJON_69.0_22408_LOSCOCHS_69.0_BR_1 _1,22208_EL CAJON_69.0_22408_LOSCOCHS_69.0_BR_1 _1,SD1 LCOCHS-GR-MIGUEL 69,16.85744,46
2026-03-31T05:00:00-00:00,2026-03-31T06:00:00-00:00,2026-03-30,23,0,Hourly,DAM,22208_EL CAJON_69.0_22408_LOSCOCHS_69.0_BR_1 _1,22208_EL CAJON_69.0_22408_LOSCOCHS_69.0_BR_1 _1,SD1 LCOCHS-GR-MIGUEL 69,4.86661,46
2026-03-30T16:00:00-00:00,2026-03-30T17:00:00-00:00,2026-03-30,10,0,Hourly,DAM,22208_EL CAJON_69.0_22408_LOSCOCHS_69.0_BR_1 _1,22208_EL CAJON_69.0_22408_LOSCOCHS_69.0_BR_1 _1,SD1 MIGUEL-JMACHA_1 69,149.72527,47
2026-03-30T17:00:00-00:00,2026-03-30T18:00:00-00:00,2026-03-30,11,0,Hourly,DAM,22208_EL CAJON_69.0_22408_LOSCOCHS_69.0_BR_1 _1,22208_EL CAJON_69.0_22408_LOSCOCHS_69.0_BR_1 _1,SD1 MIGUEL-JMACHA_1 69,211.38753,47
2026-03-30T18:00:00-00:00,2026-03-30T19:00:00-00:00,2026-03-30,12,0,Hourly,DAM,22208_EL CAJON_69.0_22408_LOSCOCHS_69.0_BR_1 _1,22208_EL CAJON_69.0_22408_LOSCOCHS_69.0_BR_1 _1,SD1 MIGUEL-JMACHA_1 69,114.96914,47
2026-03-30T19:00:00-00:00,2026-03-30T20:00:00-00:00,2026-03-30,13,0,Hourly,DAM,22208_EL CAJON_69.0_22408_LOSCOCHS_69.0_BR_1 _1,22208_EL CAJON_69.0_22408_LOSCOCHS_69.0_BR_1 _1,SD1 MIGUEL-JMACHA_1 69,162.95693,47
2026-03-30T20:00:00-00:00,2026-03-30T21:00:00-00:00,2026-03-30,14,0,Hourly,DAM,22208_EL CAJON_69.0_22408_LOSCOCHS_69.0_BR_1 _1,22208_EL CAJON_69.0_22408_LOSCOCHS_69.0_BR_1 _1,SD1 MIGUEL-JMACHA_1 69,212.18216,47
2026-03-30T21:00:00-00:00,2026-03-30T22:00:00-00:00,2026-03-30,15,0,Hourly,DAM,22208_EL CAJON_69.0_22408_LOSCOCHS_69.0_BR_1 _1,22208_EL CAJON_69.0_22408_LOSCOCHS_69.0_BR_1 _1,SD1 MIGUEL-JMACHA_1 69,14.41461,47
2026-03-30T22:00:00-00:00,2026-03-30T23:00:00-00:00,2026-03-30,16,0,Hourly,DAM,22208_EL CAJON_69.0_22408_LOSCOCHS_69.0_BR_1 _1,22208_EL CAJON_69.0_22408_LOSCOCHS_69.0_BR_1 _1,SD1 MIGUEL-JMACHA_1 69,14.53846,47
2026-03-30T23:00:00-00:00,2026-03-31T00:00:00-00:00,2026-03-30,17,0,Hourly,DAM,22208_EL CAJON_69.0_22408_LOSCOCHS_69.0_BR_1 _1,22208_EL CAJON_69.0_22408_LOSCOCHS_69.0_BR_1 _1,SD1 MIGUEL-JMACHA_1 69,18.85337,47
2026-03-30T07:00:00-00:00,2026-03-30T08:00:00-00:00,2026-03-30,1,0,Hourly,DAM,24141_SPRINGVL_230_24304_BIG CRK4_230_BR_1 _1,24141_SPRINGVL_230_24304_BIG CRK4_230_BR_1 _1,SC1 BGCRK3-RECTOR_2 230,30.53212,48
2026-03-30T08:00:00-00:00,2026-03-30T09:00:00-00:00,2026-03-30,2,0,Hourly,DAM,24141_SPRINGVL_230_24304_BIG CRK4_230_BR_1 _1,24141_SPRINGVL_230_24304_BIG CRK4_230_BR_1 _1,SC1 BGCRK3-RECTOR_2 230,29.46752,48
2026-03-30T09:00:00-00:00,2026-03-30T10:00:00-00:00,2026-03-30,3,0,Hourly,DAM,24141_SPRINGVL_230_24304_BIG CRK4_230_BR_1 _1,24141_SPRINGVL_230_24304_BIG CRK4_230_BR_1 _1,SC1 BGCRK3-RECTOR_2 230,29.40377,48
2026-03-30T10:00:00-00:00,2026-03-30T11:00:00-00:00,2026-03-30,4,0,Hourly,DAM,24141_SPRINGVL_230_24304_BIG CRK4_230_BR_1 _1,24141_SPRINGVL_230_24304_BIG CRK4_230_BR_1 _1,SC1 BGCRK3-RECTOR_2 230,29.69238,48
2026-03-30T11:00:00-00:00,2026-03-30T12:00:00-00:00,2026-03-30,5,0,Hourly,DAM,24141_SPRINGVL_230_24304_BIG CRK4_230_BR_1 _1,24141_SPRINGVL_230_24304_BIG CRK4_230_BR_1 _1,SC1 BGCRK3-RECTOR_2 230,29.98782,48
2026-03-30T12:00:00-00:00,2026-03-30T13:00:00-00:00,2026-03-30,6,0,Hourly,DAM,24141_SPRINGVL_230_24304_BIG CRK4_230_BR_1 _1,24141_SPRINGVL_230_24304_BIG CRK4_230_BR_1 _1,SC1 BGCRK3-RECTOR_2 230,36.73651,48
2026-03-30T13:00:00-00:00,2026-03-30T14:00:00-00:00,2026-03-30,7,0,Hourly,DAM,24141_SPRINGVL_230_24304_BIG CRK4_230_BR_1 _1,24141_SPRINGVL_230_24304_BIG CRK4_230_BR_1 _1,SC1 BGCRK3-RECTOR_2 230,39.50897,48
2026-03-30T14:00:00-00:00,2026-03-30T15:00:00-00:00,2026-03-30,8,0,Hourly,DAM,24141_SPRINGVL_230_24304_BIG CRK4_230_BR_1 _1,24141_SPRINGVL_230_24304_BIG CRK4_230_BR_1 _1,SC1 BGCRK3-RECTOR_2 230,31.93488,48
2026-03-30T15:00:00-00:00,2026-03-30T16:00:00-00:00,2026-03-30,9,0,Hourly,DAM,24141_SPRINGVL_230_24304_BIG CRK4_230_BR_1 _1,24141_SPRINGVL_230_24304_BIG CRK4_230_BR_1 _1,SC1 BGCRK3-RECTOR_2 230,19.19599,48
2026-03-30T16:00:00-00:00,2026-03-30T17:00:00-00:00,2026-03-30,10,0,Hourly,DAM,24141_SPRINGVL_230_24304_BIG CRK4_230_BR_1 _1,24141_SPRINGVL_230_24304_BIG CRK4_230_BR_1 _1,SC1 BGCRK3-RECTOR_2 230,13.96093,48
2026-03-30T17:00:00-00:00,2026-03-30T18:00:00-00:00,2026-03-30,11,0,Hourly,DAM,24141_SPRINGVL_230_24304_BIG CRK4_230_BR_1 _1,24141_SPRINGVL_230_24304_BIG CRK4_230_BR_1 _1,SC1 BGCRK3-RECTOR_2 230,13.50279,48
2026-03-30T18:00:00-00:00,2026-03-30T19:00:00-00:00,2026-03-30,12,0,Hourly,DAM,24141_SPRINGVL_230_24304_BIG CRK4_230_BR_1 _1,24141_SPRINGVL_230_24304_BIG CRK4_230_BR_1 _1,SC1 BGCRK3-RECTOR_2 230,13.31437,48
2026-03-30T19:00:00-00:00,2026-03-30T20:00:00-00:00,2026-03-30,13,0,Hourly,DAM,24141_SPRINGVL_230_24304_BIG CRK4_230_BR_1 _1,24141_SPRINGVL_230_24304_BIG CRK4_230_BR_1 _1,SC1 BGCRK3-RECTOR_2 230,12.96408,48
2026-03-30T20:00:00-00:00,2026-03-30T21:00:00-00:00,2026-03-30,14,0,Hourly,DAM,24141_SPRINGVL_230_24304_BIG CRK4_230_BR_1 _1,24141_SPRINGVL_230_24304_BIG CRK4_230_BR_1 _1,SC1 BGCRK3-RECTOR_2 230,12.59628,48
2026-03-30T21:00:00-00:00,2026-03-30T22:00:00-00:00,2026-03-30,15,0,Hourly,DAM,24141_SPRINGVL_230_24304_BIG CRK4_230_BR_1 _1,24141_SPRINGVL_230_24304_BIG CRK4_230_BR_1 _1,SC1 BGCRK3-RECTOR_2 230,12.88693,48
2026-03-30T22:00:00-00:00,2026-03-30T23:00:00-00:00,2026-03-30,16,0,Hourly,DAM,24141_SPRINGVL_230_24304_BIG CRK4_230_BR_1 _1,24141_SPRINGVL_230_24304_BIG CRK4_230_BR_1 _1,SC1 BGCRK3-RECTOR_2 230,13.16271,48
2026-03-30T23:00:00-00:00,2026-03-31T00:00:00-00:00,2026-03-30,17,0,Hourly,DAM,24141_SPRINGVL_230_24304_BIG CRK4_230_BR_1 _1,24141_SPRINGVL_230_24304_BIG CRK4_230_BR_1 _1,SC1 BGCRK3-RECTOR_2 230,13.92129,48
2026-03-31T00:00:00-00:00,2026-03-31T01:00:00-00:00,2026-03-30,18,0,Hourly,DAM,24141_SPRINGVL_230_24304_BIG CRK4_230_BR_1 _1,24141_SPRINGVL_230_24304_BIG CRK4_230_BR_1 _1,SC1 BGCRK3-RECTOR_2 230,26.2635,48
2026-03-31T01:00:00-00:00,2026-03-31T02:00:00-00:00,2026-03-30,19,0,Hourly,DAM,24141_SPRINGVL_230_24304_BIG CRK4_230_BR_1 _1,24141_SPRINGVL_230_24304_BIG CRK4_230_BR_1 _1,SC1 BGCRK3-RECTOR_2 230,36.04213,48
2026-03-31T02:00:00-00:00,2026-03-31T03:00:00-00:00,2026-03-30,20,0,Hourly,DAM,24141_SPRINGVL_230_24304_BIG CRK4_230_BR_1 _1,24141_SPRINGVL_230_24304_BIG CRK4_230_BR_1 _1,SC1 BGCRK3-RECTOR_2 230,41.09568,48
2026-03-31T03:00:00-00:00,2026-03-31T04:00:00-00:00,2026-03-30,21,0,Hourly,DAM,24141_SPRINGVL_230_24304_BIG CRK4_230_BR_1 _1,24141_SPRINGVL_230_24304_BIG CRK4_230_BR_1 _1,SC1 BGCRK3-RECTOR_2 230,35.74893,48
2026-03-31T04:00:00-00:00,2026-03-31T05:00:00-00:00,2026-03-30,22,0,Hourly,DAM,24141_SPRINGVL_230_24304_BIG CRK4_230_BR_1 _1,24141_SPRINGVL_230_24304_BIG CRK4_230_BR_1 _1,SC1 BGCRK3-RECTOR_2 230,35.46847,48
2026-03-31T05:00:00-00:00,2026-03-31T06:00:00-00:00,2026-03-30,23,0,Hourly,DAM,24141_SPRINGVL_230_24304_BIG CRK4_230_BR_1 _1,24141_SPRINGVL_230_24304_BIG CRK4_230_BR_1 _1,SC1 BGCRK3-RECTOR_2 230,34.96817,48
2026-03-31T06:00:00-00:00,2026-03-31T07:00:00-00:00,2026-03-30,24,0,Hourly,DAM,24141_SPRINGVL_230_24304_BIG CRK4_230_BR_1 _1,24141_SPRINGVL_230_24304_BIG CRK4_230_BR_1 _1,SC1 BGCRK3-RECTOR_2 230,34.40965,48
2026-03-30T15:00:00-00:00,2026-03-30T16:00:00-00:00,2026-03-30,9,0,Hourly,DAM,30735_METCALF _230_30042_METCALF _500_XF_13,30735_METCALF _230_30042_METCALF _500_XF_13,PG1 METCLF 500-230 BK12,20.74677,49
2026-03-30T16:00:00-00:00,2026-03-30T17:00:00-00:00,2026-03-30,10,0,Hourly,DAM,30735_METCALF _230_30042_METCALF _500_XF_13,30735_METCALF _230_30042_METCALF _500_XF_13,PG1 METCLF 500-230 BK12,63.96459,49
2026-03-30T17:00:00-00:00,2026-03-30T18:00:00-00:00,2026-03-30,11,0,Hourly,DAM,30735_METCALF _230_30042_METCALF _500_XF_13,30735_METCALF _230_30042_METCALF _500_XF_13,PG1 METCLF 500-230 BK12,69.07456,49
2026-03-30T18:00:00-00:00,2026-03-30T19:00:00-00:00,2026-03-30,12,0,Hourly,DAM,30735_METCALF _230_30042_METCALF _500_XF_13,30735_METCALF _230_30042_METCALF _500_XF_13,PG1 METCLF 500-230 BK12,65.74461,49
2026-03-30T19:00:00-00:00,2026-03-30T20:00:00-00:00,2026-03-30,13,0,Hourly,DAM,30735_METCALF _230_30042_METCALF _500_XF_13,30735_METCALF _230_30042_METCALF _500_XF_13,PG1 METCLF 500-230 BK12,78.69043,49
2026-03-30T20:00:00-00:00,2026-03-30T21:00:00-00:00,2026-03-30,14,0,Hourly,DAM,30735_METCALF _230_30042_METCALF _500_XF_13,30735_METCALF _230_30042_METCALF _500_XF_13,PG1 METCLF 500-230 BK12,98.22256,49
2026-03-30T21:00:00-00:00,2026-03-30T22:00:00-00:00,2026-03-30,15,0,Hourly,DAM,30735_METCALF _230_30042_METCALF _500_XF_13,30735_METCALF _230_30042_METCALF _500_XF_13,PG1 METCLF 500-230 BK12,109.36966,49
2026-03-30T22:00:00-00:00,2026-03-30T23:00:00-00:00,2026-03-30,16,0,Hourly,DAM,30735_METCALF _230_30042_METCALF _500_XF_13,30735_METCALF _230_30042_METCALF _500_XF_13,PG1 METCLF 500-230 BK12,111.31643,49
2026-03-30T23:00:00-00:00,2026-03-31T00:00:00-00:00,2026-03-30,17,0,Hourly,DAM,30735_METCALF _230_30042_METCALF _500_XF_13,30735_METCALF _230_30042_METCALF _500_XF_13,PG1 METCLF 500-230 BK12,80.91337,49
2026-03-31T00:00:00-00:00,2026-03-31T01:00:00-00:00,2026-03-30,18,0,Hourly,DAM,30735_METCALF _230_30042_METCALF _500_XF_13,30735_METCALF _230_30042_METCALF _500_XF_13,PG1 METCLF 500-230 BK12,45.70395,49
2026-03-31T01:00:00-00:00,2026-03-31T02:00:00-00:00,2026-03-30,19,0,Hourly,DAM,30735_METCALF _230_30042_METCALF _500_XF_13,30735_METCALF _230_30042_METCALF _500_XF_13,PG1 METCLF 500-230 BK12,14.72849,49
2026-03-30T16:00:00-00:00,2026-03-30T17:00:00-00:00,2026-03-30,10,0,Hourly,DAM,30750_MOSSLD  _230_30797_LASAGUIL_230_BR_1 _1,30750_MOSSLD  _230_30797_LASAGUIL_230_BR_1 _1,PG1 MOSSLD-LOSBNS 500,51.60727,50
2026-03-30T18:00:00-00:00,2026-03-30T19:00:00-00:00,2026-03-30,12,0,Hourly,DAM,30750_MOSSLD  _230_30797_LASAGUIL_230_BR_1 _1,30750_MOSSLD  _230_30797_LASAGUIL_230_BR_1 _1,PG1 MOSSLD-LOSBNS 500,20.86519,50
2026-03-30T20:00:00-00:00,2026-03-30T21:00:00-00:00,2026-03-30,14,0,Hourly,DAM,30750_MOSSLD  _230_30797_LASAGUIL_230_BR_1 _1,30750_MOSSLD  _230_30797_LASAGUIL_230_BR_1 _1,PG1 MOSSLD-LOSBNS 500,37.6331,50
2026-03-30T07:00:00-00:00,2026-03-30T08:00:00-00:00,2026-03-30,1,0,Hourly,DAM,32214_RIO OSO _115_32244_BRNSWKT2_115_BR_2 _1,32214_RIO OSO _115_32244_BRNSWKT2_115_BR_2 _1,PG1 BELL-HIGGNS 115,8.18522,51
2026-03-30T08:00:00-00:00,2026-03-30T09:00:00-00:00,2026-03-30,2,0,Hourly,DAM,32214_RIO OSO _115_32244_BRNSWKT2_115_BR_2 _1,32214_RIO OSO _115_32244_BRNSWKT2_115_BR_2 _1,PG1 BELL-HIGGNS 115,8.66347,51
2026-03-30T10:00:00-00:00,2026-03-30T11:00:00-00:00,2026-03-30,4,0,Hourly,DAM,32214_RIO OSO _115_32244_BRNSWKT2_115_BR_2 _1,32214_RIO OSO _115_32244_BRNSWKT2_115_BR_2 _1,PG1 BELL-HIGGNS 115,4.86348,51
2026-03-30T11:00:00-00:00,2026-03-30T12:00:00-00:00,2026-03-30,5,0,Hourly,DAM,32214_RIO OSO _115_32244_BRNSWKT2_115_BR_2 _1,32214_RIO OSO _115_32244_BRNSWKT2_115_BR_2 _1,PG1 BELL-HIGGNS 115,1.33957,51
2026-03-30T12:00:00-00:00,2026-03-30T13:00:00-00:00,2026-03-30,6,0,Hourly,DAM,32214_RIO OSO _115_32244_BRNSWKT2_115_BR_2 _1,32214_RIO OSO _115_32244_BRNSWKT2_115_BR_2 _1,PG1 BELL-HIGGNS 115,6.3371,51
2026-03-30T13:00:00-00:00,2026-03-30T14:00:00-00:00,2026-03-30,7,0,Hourly,DAM,32214_RIO OSO _115_32244_BRNSWKT2_115_BR_2 _1,32214_RIO OSO _115_32244_BRNSWKT2_115_BR_2 _1,PG1 BELL-HIGGNS 115,4.60501,51
2026-03-30T16:00:00-00:00,2026-03-30T17:00:00-00:00,2026-03-30,10,0,Hourly,DAM,34116_LE GRAND_115_34115_ADRA TAP_115_BR_1 _1,34116_LE GRAND_115_34115_ADRA TAP_115_BR_1 _1,PG1 MNDOTA-PNOCHE 115,9.43004,52
2026-03-30T17:00:00-00:00,2026-03-30T18:00:00-00:00,2026-03-30,11,0,Hourly,DAM,34116_LE GRAND_115_34115_ADRA TAP_115_BR_1 _1,34116_LE GRAND_115_34115_ADRA TAP_115_BR_1 _1,PG1 MNDOTA-PNOCHE 115,15.32378,52
2026-03-30T18:00:00-00:00,2026-03-30T19:00:00-00:00,2026-03-30,12,0,Hourly,DAM,34116_LE GRAND_115_34115_ADRA TAP_115_BR_1 _1,34116_LE GRAND_115_34115_ADRA TAP_115_BR_1 _1,PG1 MNDOTA-PNOCHE 115,4.14475,52
2026-03-30T19:00:00-00:00,2026-03-30T20:00:00-00:00,2026-03-30,13,0,Hourly,DAM,34116_LE GRAND_115_34115_ADRA TAP_115_BR_1 _1,34116_LE GRAND_115_34115_ADRA TAP_115_BR_1 _1,PG1 MNDOTA-PNOCHE 115,15.10491,52
2026-03-30T20:00:00-00:00,2026-03-30T21:00:00-00:00,2026-03-30,14,0,Hourly,DAM,34116_LE GRAND_115_34115_ADRA TAP_115_BR_1 _1,34116_LE GRAND_115_34115_ADRA TAP_115_BR_1 _1,PG1 MNDOTA-PNOCHE 115,10.7795,52
2026-03-30T16:00:00-00:00,2026-03-30T17:00:00-00:00,2026-03-30,10,0,Hourly,DAM,35352_WHISMAN _115_35356_MNTA VSA_115_BR_1 _1,35352_WHISMAN _115_35356_MNTA VSA_115_BR_1 _1,PG1 MNTVIS-JEFRSN 230 2_M,12.12799,53
2026-03-30T17:00:00-00:00,2026-03-30T18:00:00-00:00,2026-03-30,11,0,Hourly,DAM,35352_WHISMAN _115_35356_MNTA VSA_115_BR_1 _1,35352_WHISMAN _115_35356_MNTA VSA_115_BR_1 _1,PG1 MNTVIS-JEFRSN 230 2_M,20.5885,53
2026-03-30T18:00:00-00:00,2026-03-30T19:00:00-00:00,2026-03-30,12,0,Hourly,DAM,35352_WHISMAN _115_35356_MNTA VSA_115_BR_1 _1,35352_WHISMAN _115_35356_MNTA VSA_115_BR_1 _1,PG1 MNTVIS-JEFRSN 230 2_M,53.27445,53
2026-03-30T20:00:00-00:00,2026-03-30T21:00:00-00:00,2026-03-30,14,0,Hourly,DAM,35352_WHISMAN _115_35356_MNTA VSA_115_BR_1 _1,35352_WHISMAN _115_35356_MNTA VSA_115_BR_1 _1,PG1 MNTVIS-JEFRSN 230 2_M,21.64901,53
2026-03-30T23:00:00-00:00,2026-03-31T00:00:00-00:00,2026-03-30,17,0,Hourly,DAM,35352_WHISMAN _115_35356_MNTA VSA_115_BR_1 _1,35352_WHISMAN _115_35356_MNTA VSA_115_BR_1 _1,PG1 MNTVIS-JEFRSN 230 2_M,9.11888,53
2026-03-31T00:00:00-00:00,2026-03-31T01:00:00-00:00,2026-03-30,18,0,Hourly,DAM,35352_WHISMAN _115_35356_MNTA VSA_115_BR_1 _1,35352_WHISMAN _115_35356_MNTA VSA_115_BR_1 _1,PG1 MNTVIS-JEFRSN 230 2_M,20.11325,53
2026-03-30T07:00:00-00:00,2026-03-30T08:00:00-00:00,2026-03-30,1,0,Hourly,DAM,7690-CONTRL-INYOKN_EXP_NG,7690-CONTRL-INYOKN_EXP_NG,Base Case,-107.0185,54
2026-03-30T08:00:00-00:00,2026-03-30T09:00:00-00:00,2026-03-30,2,0,Hourly,DAM,7690-CONTRL-INYOKN_EXP_NG,7690-CONTRL-INYOKN_EXP_NG,Base Case,-104.44188,54
2026-03-30T09:00:00-00:00,2026-03-30T10:00:00-00:00,2026-03-30,3,0,Hourly,DAM,7690-CONTRL-INYOKN_EXP_NG,7690-CONTRL-INYOKN_EXP_NG,Base Case,-118.62638,54
2026-03-30T10:00:00-00:00,2026-03-30T11:00:00-00:00,2026-03-30,4,0,Hourly,DAM,7690-CONTRL-INYOKN_EXP_NG,7690-CONTRL-INYOKN_EXP_NG,Base Case,-118.8848,54
2026-03-30T11:00:00-00:00,2026-03-30T12:00:00-00:00,2026-03-30,5,0,Hourly,DAM,7690-CONTRL-INYOKN_EXP_NG,7690-CONTRL-INYOKN_EXP_NG,Base Case,-111.6545,54
2026-03-30T12:00:00-00:00,2026-03-30T13:00:00-00:00,2026-03-30,6,0,Hourly,DAM,7690-CONTRL-INYOKN_EXP_NG,7690-CONTRL-INYOKN_EXP_NG,Base Case,-109.02946,54
2026-03-30T13:00:00-00:00,2026-03-30T14:00:00-00:00,2026-03-30,7,0,Hourly,DAM,7690-CONTRL-INYOKN_EXP_NG,7690-CONTRL-INYOKN_EXP_NG,Base Case,-84.10932,54
2026-03-30T14:00:00-00:00,2026-03-30T15:00:00-00:00,2026-03-30,8,0,Hourly,DAM,7690-CONTRL-INYOKN_EXP_NG,7690-CONTRL-INYOKN_EXP_NG,Base Case,-110.16535,54
2026-03-30T15:00:00-00:00,2026-03-30T16:00:00-00:00,2026-03-30,9,0,Hourly,DAM,7690-CONTRL-INYOKN_EXP_NG,7690-CONTRL-INYOKN_EXP_NG,Base Case,-95.64789,54
2026-03-30T16:00:00-00:00,2026-03-30T17:00:00-00:00,2026-03-30,10,0,Hourly,DAM,7690-CONTRL-INYOKN_EXP_NG,7690-CONTRL-INYOKN_EXP_NG,Base Case,-122.36903,54
2026-03-30T17:00:00-00:00,2026-03-30T18:00:00-00:00,2026-03-30,11,0,Hourly,DAM,7690-CONTRL-INYOKN_EXP_NG,7690-CONTRL-INYOKN_EXP_NG,Base Case,-68.10871,54
2026-03-30T18:00:00-00:00,2026-03-30T19:00:00-00:00,2026-03-30,12,0,Hourly,DAM,7690-CONTRL-INYOKN_EXP_NG,7690-CONTRL-INYOKN_EXP_NG,Base Case,-59.65405,54
2026-03-30T19:00:00-00:00,2026-03-30T20:00:00-00:00,2026-03-30,13,0,Hourly,DAM,7690-CONTRL-INYOKN_EXP_NG,7690-CONTRL-INYOKN_EXP_NG,Base Case,-56.76724,54
2026-03-30T20:00:00-00:00,2026-03-30T21:00:00-00:00,2026-03-30,14,0,Hourly,DAM,7690-CONTRL-INYOKN_EXP_NG,7690-CONTRL-INYOKN_EXP_NG,Base Case,-73.93384,54
2026-03-30T21:00:00-00:00,2026-03-30T22:00:00-00:00,2026-03-30,15,0,Hourly,DAM,7690-CONTRL-INYOKN_EXP_NG,7690-CONTRL-INYOKN_EXP_NG,Base Case,-59.17676,54
2026-03-30T22:00:00-00:00,2026-03-30T23:00:00-00:00,2026-03-30,16,0,Hourly,DAM,7690-CONTRL-INYOKN_EXP_NG,7690-CONTRL-INYOKN_EXP_NG,Base Case,-56.09556,54
2026-03-30T23:00:00-00:00,2026-03-31T00:00:00-00:00,2026-03-30,17,0,Hourly,DAM,7690-CONTRL-INYOKN_EXP_NG,7690-CONTRL-INYOKN_EXP_NG,Base Case,-59.22841,54
2026-03-31T00:00:00-00:00,2026-03-31T01:00:00-00:00,2026-03-30,18,0,Hourly,DAM,7690-CONTRL-INYOKN_EXP_NG,7690-CONTRL-INYOKN_EXP_NG,Base Case,-61.59437,54
2026-03-31T01:00:00-00:00,2026-03-31T02:00:00-00:00,2026-03-30,19,0,Hourly,DAM,7690-CONTRL-INYOKN_EXP_NG,7690-CONTRL-INYOKN_EXP_NG,Base Case,-66.23332,54
2026-03-31T02:00:00-00:00,2026-03-31T03:00:00-00:00,2026-03-30,20,0,Hourly,DAM,7690-CONTRL-INYOKN_EXP_NG,7690-CONTRL-INYOKN_EXP_NG,Base Case,-68.52846,54
2026-03-31T03:00:00-00:00,2026-03-31T04:00:00-00:00,2026-03-30,21,0,Hourly,DAM,7690-CONTRL-INYOKN_EXP_NG,7690-CONTRL-INYOKN_EXP_NG,Base Case,-65.09041,54
2026-03-31T04:00:00-00:00,2026-03-31T05:00:00-00:00,2026-03-30,22,0,Hourly,DAM,7690-CONTRL-INYOKN_EXP_NG,7690-CONTRL-INYOKN_EXP_NG,Base Case,-73.12138,54
2026-03-31T05:00:00-00:00,2026-03-31T06:00:00-00:00,2026-03-30,23,0,Hourly,DAM,7690-CONTRL-INYOKN_EXP_NG,7690-CONTRL-INYOKN_EXP_NG,Base Case,-92.01914,54
2026-03-31T06:00:00-00:00,2026-03-31T07:00:00-00:00,2026-03-30,24,0,Hourly,DAM,7690-CONTRL-INYOKN_EXP_NG,7690-CONTRL-INYOKN_EXP_NG,Base Case,-75.84483,54
2026-03-30T09:00:00-00:00,2026-03-30T10:00:00-00:00,2026-03-30,3,0,Hourly,DAM,7690-COOLWATER_KRAMER_IM_NG,7690-COOLWATER_KRAMER_IM_NG,Base Case,-0.08936,55
2026-03-30T23:00:00-00:00,2026-03-31T00:00:00-00:00,2026-03-30,17,0,Hourly,DAM,7690-COOLWATER_KRAMER_IM_NG,7690-COOLWATER_KRAMER_IM_NG,Base Case,-0.47353,55
2026-03-30T12:00:00-00:00,2026-03-30T13:00:00-00:00,2026-03-30,6,0,Hourly,DAM,7820_TL 230S_OVERLOAD_NG,7820_TL 230S_OVERLOAD_NG,Base Case,-0.69611,56
2026-03-31T02:00:00-00:00,2026-03-31T03:00:00-00:00,2026-03-30,20,0,Hourly,DAM,7820_TL 230S_OVERLOAD_NG,7820_TL 230S_OVERLOAD_NG,Base Case,-6.76256,56
2026-03-31T03:00:00-00:00,2026-03-31T04:00:00-00:00,2026-03-30,21,0,Hourly,DAM,7820_TL 230S_OVERLOAD_NG,7820_TL 230S_OVERLOAD_NG,Base Case,-11.39792,56
2026-03-30T11:00:00-00:00,2026-03-30T12:00:00-00:00,2026-03-30,5,0,Hourly,DAM,HUMBOLDT_IMP_NG,HUMBOLDT_IMP_NG,Base Case,-10.39017,57
2026-03-30T12:00:00-00:00,2026-03-30T13:00:00-00:00,2026-03-30,6,0,Hourly,DAM,HUMBOLDT_IMP_NG,HUMBOLDT_IMP_NG,Base Case,-8.17511,57
2026-03-30T13:00:00-00:00,2026-03-30T14:00:00-00:00,2026-03-30,7,0,Hourly,DAM,HUMBOLDT_IMP_NG,HUMBOLDT_IMP_NG,Base Case,-7.58424,57
2026-03-30T14:00:00-00:00,2026-03-30T15:00:00-00:00,2026-03-30,8,0,Hourly,DAM,HUMBOLDT_IMP_NG,HUMBOLDT_IMP_NG,Base Case,-8.49486,57
2026-03-30T15:00:00-00:00,2026-03-30T16:00:00-00:00,2026-03-30,9,0,Hourly,DAM,HUMBOLDT_IMP_NG,HUMBOLDT_IMP_NG,Base Case,-14.92835,57
2026-03-30T16:00:00-00:00,2026-03-30T17:00:00-00:00,2026-03-30,10,0,Hourly,DAM,HUMBOLDT_IMP_NG,HUMBOLDT_IMP_NG,Base Case,-18.85796,57
2026-03-30T17:00:00-00:00,2026-03-30T18:00:00-00:00,2026-03-30,11,0,Hourly,DAM,HUMBOLDT_IMP_NG,HUMBOLDT_IMP_NG,Base Case,-10.12462,57
2026-03-30T18:00:00-00:00,2026-03-30T19:00:00-00:00,2026-03-30,12,0,Hourly,DAM,HUMBOLDT_IMP_NG,HUMBOLDT_IMP_NG,Base Case,-21.78609,57
2026-03-30T19:00:00-00:00,2026-03-30T20:00:00-00:00,2026-03-30,13,0,Hourly,DAM,HUMBOLDT_IMP_NG,HUMBOLDT_IMP_NG,Base Case,-24.08979,57
2026-03-30T20:00:00-00:00,2026-03-30T21:00:00-00:00,2026-03-30,14,0,Hourly,DAM,HUMBOLDT_IMP_NG,HUMBOLDT_IMP_NG,Base Case,-10.08369,57
2026-03-30T21:00:00-00:00,2026-03-30T22:00:00-00:00,2026-03-30,15,0,Hourly,DAM,HUMBOLDT_IMP_NG,HUMBOLDT_IMP_NG,Base Case,-9.39862,57
2026-03-30T23:00:00-00:00,2026-03-31T00:00:00-00:00,2026-03-30,17,0,Hourly,DAM,HUMBOLDT_IMP_NG,HUMBOLDT_IMP_NG,Base Case,-9.24152,57
2026-03-31T00:00:00-00:00,2026-03-31T01:00:00-00:00,2026-03-30,18,0,Hourly,DAM,HUMBOLDT_IMP_NG,HUMBOLDT_IMP_NG,Base Case,-17.20641,57
2026-03-31T01:00:00-00:00,2026-03-31T02:00:00-00:00,2026-03-30,19,0,Hourly,DAM,HUMBOLDT_IMP_NG,HUMBOLDT_IMP_NG,Base Case,-12.17625,57
2026-03-31T02:00:00-00:00,2026-03-31T03:00:00-00:00,2026-03-30,20,0,Hourly,DAM,HUMBOLDT_IMP_NG,HUMBOLDT_IMP_NG,Base Case,-15.27829,57
2026-03-31T03:00:00-00:00,2026-03-31T04:00:00-00:00,2026-03-30,21,0,Hourly,DAM,HUMBOLDT_IMP_NG,HUMBOLDT_IMP_NG,Base Case,-11.26346,57
2026-03-31T04:00:00-00:00,2026-03-31T05:00:00-00:00,2026-03-30,22,0,Hourly,DAM,HUMBOLDT_IMP_NG,HUMBOLDT_IMP_NG,Base Case,-13.07357,57
2026-03-31T05:00:00-00:00,2026-03-31T06:00:00-00:00,2026-03-30,23,0,Hourly,DAM,HUMBOLDT_IMP_NG,HUMBOLDT_IMP_NG,Base Case,-12.78781,57
2026-04-01T01:00:00-00:00,2026-04-01T02:00:00-00:00,2026-03-31,19,0,Hourly,DAM,22208_EL CAJON_69.0_22408_LOSCOCHS_69.0_BR_1 _1,22208_EL CAJON_69.0_22408_LOSCOCHS_69.0_BR_1 _1,SD1 LCOCHS-GR-MIGUEL 69,62.389,58
2026-04-01T02:00:00-00:00,2026-04-01T03:00:00-00:00,2026-03-31,20,0,Hourly,DAM,22208_EL CAJON_69.0_22408_LOSCOCHS_69.0_BR_1 _1,22208_EL CAJON_69.0_22408_LOSCOCHS_69.0_BR_1 _1,SD1 LCOCHS-GR-MIGUEL 69,35.96404,58
2026-04-01T03:00:00-00:00,2026-04-01T04:00:00-00:00,2026-03-31,21,0,Hourly,DAM,22208_EL CAJON_69.0_22408_LOSCOCHS_69.0_BR_1 _1,22208_EL CAJON_69.0_22408_LOSCOCHS_69.0_BR_1 _1,SD1 LCOCHS-GR-MIGUEL 69,0.65487,58
2026-04-01T04:00:00-00:00,2026-04-01T05:00:00-00:00,2026-03-31,22,0,Hourly,DAM,22208_EL CAJON_69.0_22408_LOSCOCHS_69.0_BR_1 _1,22208_EL CAJON_69.0_22408_LOSCOCHS_69.0_BR_1 _1,SD1 LCOCHS-GR-MIGUEL 69,16.46757,58
2026-03-31T14:00:00-00:00,2026-03-31T15:00:00-00:00,2026-03-31,8,0,Hourly,DAM,22208_EL CAJON_69.0_22408_LOSCOCHS_69.0_BR_1 _1,22208_EL CAJON_69.0_22408_LOSCOCHS_69.0_BR_1 _1,SD1 MIGUEL-JMACHA_1 69,64.70076,59
2026-03-31T15:00:00-00:00,2026-03-31T16:00:00-00:00,2026-03-31,9,0,Hourly,DAM,22208_EL CAJON_69.0_22408_LOSCOCHS_69.0_BR_1 _1,22208_EL CAJON_69.0_22408_LOSCOCHS_69.0_BR_1 _1,SD1 MIGUEL-JMACHA_1 69,17.99189,59
2026-03-31T16:00:00-00:00,2026-03-31T17:00:00-00:00,2026-03-31,10,0,Hourly,DAM,22208_EL CAJON_69.0_22408_LOSCOCHS_69.0_BR_1 _1,22208_EL CAJON_69.0_22408_LOSCOCHS_69.0_BR_1 _1,SD1 MIGUEL-JMACHA_1 69,7.54206,59
2026-03-31T17:00:00-00:00,2026-03-31T18:00:00-00:00,2026-03-31,11,0,Hourly,DAM,22208_EL CAJON_69.0_22408_LOSCOCHS_69.0_BR_1 _1,22208_EL CAJON_69.0_22408_LOSCOCHS_69.0_BR_1 _1,SD1 MIGUEL-JMACHA_1 69,15.39439,59
2026-03-31T18:00:00-00:00,2026-03-31T19:00:00-00:00,2026-03-31,12,0,Hourly,DAM,22208_EL CAJON_69.0_22408_LOSCOCHS_69.0_BR_1 _1,22208_EL CAJON_69.0_22408_LOSCOCHS_69.0_BR_1 _1,SD1 MIGUEL-JMACHA_1 69,31.87316,59
2026-03-31T19:00:00-00:00,2026-03-31T20:00:00-00:00,2026-03-31,13,0,Hourly,DAM,22208_EL CAJON_69.0_22408_LOSCOCHS_69.0_BR_1 _1,22208_EL CAJON_69.0_22408_LOSCOCHS_69.0_BR_1 _1,SD1 MIGUEL-JMACHA_1 69,18.43362,59
2026-03-31T20:00:00-00:00,2026-03-31T21:00:00-00:00,2026-03-31,14,0,Hourly,DAM,22208_EL CAJON_69.0_22408_LOSCOCHS_69.0_BR_1 _1,22208_EL CAJON_69.0_22408_LOSCOCHS_69.0_BR_1 _1,SD1 MIGUEL-JMACHA_1 69,45.80645,59
2026-03-31T21:00:00-00:00,2026-03-31T22:00:00-00:00,2026-03-31,15,0,Hourly,DAM,22208_EL CAJON_69.0_22408_LOSCOCHS_69.0_BR_1 _1,22208_EL CAJON_69.0_22408_LOSCOCHS_69.0_BR_1 _1,SD1 MIGUEL-JMACHA_1 69,144.38777,59
2026-03-31T22:00:00-00:00,2026-03-31T23:00:00-00:00,2026-03-31,16,0,Hourly,DAM,22208_EL CAJON_69.0_22408_LOSCOCHS_69.0_BR_1 _1,22208_EL CAJON_69.0_22408_LOSCOCHS_69.0_BR_1 _1,SD1 MIGUEL-JMACHA_1 69,45.80645,59
2026-03-31T23:00:00-00:00,2026-04-01T00:00:00-00:00,2026-03-31,17,0,Hourly,DAM,22208_EL CAJON_69.0_22408_LOSCOCHS_69.0_BR_1 _1,22208_EL CAJON_69.0_22408_LOSCOCHS_69.0_BR_1 _1,SD1 MIGUEL-JMACHA_1 69,61.96416,59
2026-04-01T00:00:00-00:00,2026-04-01T01:00:00-00:00,2026-03-31,18,0,Hourly,DAM,22208_EL CAJON_69.0_22408_LOSCOCHS_69.0_BR_1 _1,22208_EL CAJON_69.0_22408_LOSCOCHS_69.0_BR_1 _1,SD1 MIGUEL-JMACHA_1 69,50.76148,59
2026-03-31T19:00:00-00:00,2026-03-31T20:00:00-00:00,2026-03-31,13,0,Hourly,DAM,22480_MIRAMAR _69.0_22756_SCRIPPS _69.0_BR_1 _1,22480_MIRAMAR _69.0_22756_SCRIPPS _69.0_BR_1 _1,Base Case,17.75629,60
2026-03-31T20:00:00-00:00,2026-03-31T21:00:00-00:00,2026-03-31,14,0,Hourly,DAM,22480_MIRAMAR _69.0_22756_SCRIPPS _69.0_BR_1 _1,22480_MIRAMAR _69.0_22756_SCRIPPS _69.0_BR_1 _1,Base Case,4.32122,60
2026-03-31T21:00:00-00:00,2026-03-31T22:00:00-00:00,2026-03-31,15,0,Hourly,DAM,22480_MIRAMAR _69.0_22756_SCRIPPS _69.0_BR_1 _1,22480_MIRAMAR _69.0_22756_SCRIPPS _69.0_BR_1 _1,Base Case,40.97294,60
2026-03-31T07:00:00-00:00,2026-03-31T08:00:00-00:00,2026-03-31,1,0,Hourly,DAM,24141_SPRINGVL_230_24304_BIG CRK4_230_BR_1 _1,24141_SPRINGVL_230_24304_BIG CRK4_230_BR_1 _1,SC1 BGCRK3-RECTOR_2 230,37.52952,61
2026-03-31T08:00:00-00:00,2026-03-31T09:00:00-00:00,2026-03-31,2,0,Hourly,DAM,24141_SPRINGVL_230_24304_BIG CRK4_230_BR_1 _1,24141_SPRINGVL_230_24304_BIG CRK4_230_BR_1 _1,SC1 BGCRK3-RECTOR_2 230,32.32329,61
2026-03-31T09:00:00-00:00,2026-03-31T10:00:00-00:00,2026-03-31,3,0,Hourly,DAM,24141_SPRINGVL_230_24304_BIG CRK4_230_BR_1 _1,24141_SPRINGVL_230_24304_BIG CRK4_230_BR_1 _1,SC1 BGCRK3-RECTOR_2 230,29.80952,61
2026-03-31T10:00:00-00:00,2026-03-31T11:00:00-00:00,2026-03-31,4,0,Hourly,DAM,24141_SPRINGVL_230_24304_BIG CRK4_230_BR_1 _1,24141_SPRINGVL_230_24304_BIG CRK4_230_BR_1 _1,SC1 BGCRK3-RECTOR_2 230,29.1934,61
2026-03-31T11:00:00-00:00,2026-03-31T12:00:00-00:00,2026-03-31,5,0,Hourly,DAM,24141_SPRINGVL_230_24304_BIG CRK4_230_BR_1 _1,24141_SPRINGVL_230_24304_BIG CRK4_230_BR_1 _1,SC1 BGCRK3-RECTOR_2 230,29.33481,61
2026-03-31T12:00:00-00:00,2026-03-31T13:00:00-00:00,2026-03-31,6,0,Hourly,DAM,24141_SPRINGVL_230_24304_BIG CRK4_230_BR_1 _1,24141_SPRINGVL_230_24304_BIG CRK4_230_BR_1 _1,SC1 BGCRK3-RECTOR_2 230,34.29275,61
2026-03-31T13:00:00-00:00,2026-03-31T14:00:00-00:00,2026-03-31,7,0,Hourly,DAM,24141_SPRINGVL_230_24304_BIG CRK4_230_BR_1 _1,24141_SPRINGVL_230_24304_BIG CRK4_230_BR_1 _1,SC1 BGCRK3-RECTOR_2 230,38.29671,61
2026-03-31T14:00:00-00:00,2026-03-31T15:00:00-00:00,2026-03-31,8,0,Hourly,DAM,24141_SPRINGVL_230_24304_BIG CRK4_230_BR_1 _1,24141_SPRINGVL_230_24304_BIG CRK4_230_BR_1 _1,SC1 BGCRK3-RECTOR_2 230,40.15786,61
2026-03-31T15:00:00-00:00,2026-03-31T16:00:00-00:00,2026-03-31,9,0,Hourly,DAM,24141_SPRINGVL_230_24304_BIG CRK4_230_BR_1 _1,24141_SPRINGVL_230_24304_BIG CRK4_230_BR_1 _1,SC1 BGCRK3-RECTOR_2 230,36.53566,61
2026-03-31T16:00:00-00:00,2026-03-31T17:00:00-00:00,2026-03-31,10,0,Hourly,DAM,24141_SPRINGVL_230_24304_BIG CRK4_230_BR_1 _1,24141_SPRINGVL_230_24304_BIG CRK4_230_BR_1 _1,SC1 BGCRK3-RECTOR_2 230,32.61117,61
2026-03-31T17:00:00-00:00,2026-03-31T18:00:00-00:00,2026-03-31,11,0,Hourly,DAM,24141_SPRINGVL_230_24304_BIG CRK4_230_BR_1 _1,24141_SPRINGVL_230_24304_BIG CRK4_230_BR_1 _1,SC1 BGCRK3-RECTOR_2 230,33.04921,61
2026-03-31T18:00:00-00:00,2026-03-31T19:00:00-00:00,2026-03-31,12,0,Hourly,DAM,24141_SPRINGVL_230_24304_BIG CRK4_230_BR_1 _1,24141_SPRINGVL_230_24304_BIG CRK4_230_BR_1 _1,SC1 BGCRK3-RECTOR_2 230,33.13878,61
2026-03-31T19:00:00-00:00,2026-03-31T20:00:00-00:00,2026-03-31,13,0,Hourly,DAM,24141_SPRINGVL_230_24304_BIG CRK4_230_BR_1 _1,24141_SPRINGVL_230_24304_BIG CRK4_230_BR_1 _1,SC1 BGCRK3-RECTOR_2 230,28.98331,61
2026-03-31T20:00:00-00:00,2026-03-31T21:00:00-00:00,2026-03-31,14,0,Hourly,DAM,24141_SPRINGVL_230_24304_BIG CRK4_230_BR_1 _1,24141_SPRINGVL_230_24304_BIG CRK4_230_BR_1 _1,SC1 BGCRK3-RECTOR_2 230,31.0903,61
2026-03-31T21:00:00-00:00,2026-03-31T22:00:00-00:00,2026-03-31,15,0,Hourly,DAM,24141_SPRINGVL_230_24304_BIG CRK4_230_BR_1 _1,24141_SPRINGVL_230_24304_BIG CRK4_230_BR_1 _1,SC1 BGCRK3-RECTOR_2 230,31.0903,61
2026-03-31T22:00:00-00:00,2026-03-31T23:00:00-00:00,2026-03-31,16,0,Hourly,DAM,24141_SPRINGVL_230_24304_BIG CRK4_230_BR_1 _1,24141_SPRINGVL_230_24304_BIG CRK4_230_BR_1 _1,SC1 BGCRK3-RECTOR_2 230,30.9764,61
2026-03-31T23:00:00-00:00,2026-04-01T00:00:00-00:00,2026-03-31,17,0,Hourly,DAM,24141_SPRINGVL_230_24304_BIG CRK4_230_BR_1 _1,24141_SPRINGVL_230_24304_BIG CRK4_230_BR_1 _1,SC1 BGCRK3-RECTOR_2 230,29.11246,61
2026-04-01T00:00:00-00:00,2026-04-01T01:00:00-00:00,2026-03-31,18,0,Hourly,DAM,24141_SPRINGVL_230_24304_BIG CRK4_230_BR_1 _1,24141_SPRINGVL_230_24304_BIG CRK4_230_BR_1 _1,SC1 BGCRK3-RECTOR_2 230,38.67208,61
2026-04-01T01:00:00-00:00,2026-04-01T02:00:00-00:00,2026-03-31,19,0,Hourly,DAM,24141_SPRINGVL_230_24304_BIG CRK4_230_BR_1 _1,24141_SPRINGVL_230_24304_BIG CRK4_230_BR_1 _1,SC1 BGCRK3-RECTOR_2 230,37.17224,61
2026-04-01T02:00:00-00:00,2026-04-01T03:00:00-00:00,2026-03-31,20,0,Hourly,DAM,24141_SPRINGVL_230_24304_BIG CRK4_230_BR_1 _1,24141_SPRINGVL_230_24304_BIG CRK4_230_BR_1 _1,SC1 BGCRK3-RECTOR_2 230,37.4825,61
2026-04-01T03:00:00-00:00,2026-04-01T04:00:00-00:00,2026-03-31,21,0,Hourly,DAM,24141_SPRINGVL_230_24304_BIG CRK4_230_BR_1 _1,24141_SPRINGVL_230_24304_BIG CRK4_230_BR_1 _1,SC1 BGCRK3-RECTOR_2 230,37.22983,61
2026-04-01T04:00:00-00:00,2026-04-01T05:00:00-00:00,2026-03-31,22,0,Hourly,DAM,24141_SPRINGVL_230_24304_BIG CRK4_230_BR_1 _1,24141_SPRINGVL_230_24304_BIG CRK4_230_BR_1 _1,SC1 BGCRK3-RECTOR_2 230,36.80526,61
2026-04-01T05:00:00-00:00,2026-04-01T06:00:00-00:00,2026-03-31,23,0,Hourly,DAM,24141_SPRINGVL_230_24304_BIG CRK4_230_BR_1 _1,24141_SPRINGVL_230_24304_BIG CRK4_230_BR_1 _1,SC1 BGCRK3-RECTOR_2 230,34.01073,61
2026-04-01T06:00:00-00:00,2026-04-01T07:00:00-00:00,2026-03-31,24,0,Hourly,DAM,24141_SPRINGVL_230_24304_BIG CRK4_230_BR_1 _1,24141_SPRINGVL_230_24304_BIG CRK4_230_BR_1 _1,SC1 BGCRK3-RECTOR_2 230,32.03509,61
2026-03-31T17:00:00-00:00,2026-03-31T18:00:00-00:00,2026-03-31,11,0,Hourly,DAM,30735_METCALF _230_30042_METCALF _500_XF_13,30735_METCALF _230_30042_METCALF _500_XF_13,PG1 METCLF 500-230 BK12,10.08414,62
2026-03-31T18:00:00-00:00,2026-03-31T19:00:00-00:00,2026-03-31,12,0,Hourly,DAM,30735_METCALF _230_30042_METCALF _500_XF_13,30735_METCALF _230_30042_METCALF _500_XF_13,PG1 METCLF 500-230 BK12,21.36768,62
2026-03-31T19:00:00-00:00,2026-03-31T20:00:00-00:00,2026-03-31,13,0,Hourly,DAM,30735_METCALF _230_30042_METCALF _500_XF_13,30735_METCALF _230_30042_METCALF _500_XF_13,PG1 METCLF 500-230 BK12,13.12084,62
2026-03-31T15:00:00-00:00,2026-03-31T16:00:00-00:00,2026-03-31,9,0,Hourly,DAM,32232_HIGGINS _115_32238_BELL PGE_115_BR_1 _1,32232_HIGGINS _115_32238_BELL PGE_115_BR_1 _1,Base Case,2.13338,63
2026-03-31T16:00:00-00:00,2026-03-31T17:00:00-00:00,2026-03-31,10,0,Hourly,DAM,32232_HIGGINS _115_32238_BELL PGE_115_BR_1 _1,32232_HIGGINS _115_32238_BELL PGE_115_BR_1 _1,Base Case,2.23071,63
2026-03-31T17:00:00-00:00,2026-03-31T18:00:00-00:00,2026-03-31,11,0,Hourly,DAM,32232_HIGGINS _115_32238_BELL PGE_115_BR_1 _1,32232_HIGGINS _115_32238_BELL PGE_115_BR_1 _1,Base Case,0.17035,63
2026-03-31T18:00:00-00:00,2026-03-31T19:00:00-00:00,2026-03-31,12,0,Hourly,DAM,32232_HIGGINS _115_32238_BELL PGE_115_BR_1 _1,32232_HIGGINS _115_32238_BELL PGE_115_BR_1 _1,Base Case,8.49328,63
2026-03-31T20:00:00-00:00,2026-03-31T21:00:00-00:00,2026-03-31,14,0,Hourly,DAM,32232_HIGGINS _115_32238_BELL PGE_115_BR_1 _1,32232_HIGGINS _115_32238_BELL PGE_115_BR_1 _1,Base Case,4.95967,63
2026-03-31T22:00:00-00:00,2026-03-31T23:00:00-00:00,2026-03-31,16,0,Hourly,DAM,32232_HIGGINS _115_32238_BELL PGE_115_BR_1 _1,32232_HIGGINS _115_32238_BELL PGE_115_BR_1 _1,Base Case,8.10572,63
2026-03-31T23:00:00-00:00,2026-04-01T00:00:00-00:00,2026-03-31,17,0,Hourly,DAM,32232_HIGGINS _115_32238_BELL PGE_115_BR_1 _1,32232_HIGGINS _115_32238_BELL PGE_115_BR_1 _1,Base Case,0.46117,63
2026-04-01T00:00:00-00:00,2026-04-01T01:00:00-00:00,2026-03-31,18,0,Hourly,DAM,32232_HIGGINS _115_32238_BELL PGE_115_BR_1 _1,32232_HIGGINS _115_32238_BELL PGE_115_BR_1 _1,Base Case,18.93982,63
2026-04-01T01:00:00-00:00,2026-04-01T02:00:00-00:00,2026-03-31,19,0,Hourly,DAM,32232_HIGGINS _115_32238_BELL PGE_115_BR_1 _1,32232_HIGGINS _115_32238_BELL PGE_115_BR_1 _1,Base Case,34.96891,63
2026-04-01T02:00:00-00:00,2026-04-01T03:00:00-00:00,2026-03-31,20,0,Hourly,DAM,32232_HIGGINS _115_32238_BELL PGE_115_BR_1 _1,32232_HIGGINS _115_32238_BELL PGE_115_BR_1 _1,Base Case,31.71391,63
2026-04-01T03:00:00-00:00,2026-04-01T04:00:00-00:00,2026-03-31,21,0,Hourly,DAM,32232_HIGGINS _115_32238_BELL PGE_115_BR_1 _1,32232_HIGGINS _115_32238_BELL PGE_115_BR_1 _1,Base Case,3.57832,63
2026-04-01T04:00:00-00:00,2026-04-01T05:00:00-00:00,2026-03-31,22,0,Hourly,DAM,32232_HIGGINS _115_32238_BELL PGE_115_BR_1 _1,32232_HIGGINS _115_32238_BELL PGE_115_BR_1 _1,Base Case,7.04591,63
2026-03-31T18:00:00-00:00,2026-03-31T19:00:00-00:00,2026-03-31,12,0,Hourly,DAM,35352_WHISMAN _115_35356_MNTA VSA_115_BR_1 _1,35352_WHISMAN _115_35356_MNTA VSA_115_BR_1 _1,PG1 MNTVIS-JEFRSN 230 2_M,33.62895,64
2026-03-31T07:00:00-00:00,2026-03-31T08:00:00-00:00,2026-03-31,1,0,Hourly,DAM,7690-CONTRL-INYOKN_EXP_NG,7690-CONTRL-INYOKN_EXP_NG,Base Case,-83.19303,65
2026-03-31T08:00:00-00:00,2026-03-31T09:00:00-00:00,2026-03-31,2,0,Hourly,DAM,7690-CONTRL-INYOKN_EXP_NG,7690-CONTRL-INYOKN_EXP_NG,Base Case,-85.25841,65
2026-03-31T09:00:00-00:00,2026-03-31T10:00:00-00:00,2026-03-31,3,0,Hourly,DAM,7690-CONTRL-INYOKN_EXP_NG,7690-CONTRL-INYOKN_EXP_NG,Base Case,-87.50884,65
2026-03-31T10:00:00-00:00,2026-03-31T11:00:00-00:00,2026-03-31,4,0,Hourly,DAM,7690-CONTRL-INYOKN_EXP_NG,7690-CONTRL-INYOKN_EXP_NG,Base Case,-83.5989,65
2026-03-31T11:00:00-00:00,2026-03-31T12:00:00-00:00,2026-03-31,5,0,Hourly,DAM,7690-CONTRL-INYOKN_EXP_NG,7690-CONTRL-INYOKN_EXP_NG,Base Case,-84.33387,65
2026-03-31T12:00:00-00:00,2026-03-31T13:00:00-00:00,2026-03-31,6,0,Hourly,DAM,7690-CONTRL-INYOKN_EXP_NG,7690-CONTRL-INYOKN_EXP_NG,Base Case,-81.0832,65
2026-03-31T13:00:00-00:00,2026-03-31T14:00:00-00:00,2026-03-31,7,0,Hourly,DAM,7690-CONTRL-INYOKN_EXP_NG,7690-CONTRL-INYOKN_EXP_NG,Base Case,-78.99078,65
2026-03-31T14:00:00-00:00,2026-03-31T15:00:00-00:00,2026-03-31,8,0,Hourly,DAM,7690-CONTRL-INYOKN_EXP_NG,7690-CONTRL-INYOKN_EXP_NG,Base Case,-84.64934,65
2026-03-31T15:00:00-00:00,2026-03-31T16:00:00-00:00,2026-03-31,9,0,Hourly,DAM,7690-CONTRL-INYOKN_EXP_NG,7690-CONTRL-INYOKN_EXP_NG,Base Case,-85.66282,65
2026-03-31T16:00:00-00:00,2026-03-31T17:00:00-00:00,2026-03-31,10,0,Hourly,DAM,7690-CONTRL-INYOKN_EXP_NG,7690-CONTRL-INYOKN_EXP_NG,Base Case,-75.8807,65
2026-03-31T17:00:00-00:00,2026-03-31T18:00:00-00:00,2026-03-31,11,0,Hourly,DAM,7690-CONTRL-INYOKN_EXP_NG,7690-CONTRL-INYOKN_EXP_NG,Base Case,-73.43703,65
2026-03-31T18:00:00-00:00,2026-03-31T19:00:00-00:00,2026-03-31,12,0,Hourly,DAM,7690-CONTRL-INYOKN_EXP_NG,7690-CONTRL-INYOKN_EXP_NG,Base Case,-79.31547,65
2026-03-31T19:00:00-00:00,2026-03-31T20:00:00-00:00,2026-03-31,13,0,Hourly,DAM,7690-CONTRL-INYOKN_EXP_NG,7690-CONTRL-INYOKN_EXP_NG,Base Case,-61.44704,65
2026-03-31T20:00:00-00:00,2026-03-31T21:00:00-00:00,2026-03-31,14,0,Hourly,DAM,7690-CONTRL-INYOKN_EXP_NG,7690-CONTRL-INYOKN_EXP_NG,Base Case,-67.41483,65
2026-03-31T21:00:00-00:00,2026-03-31T22:00:00-00:00,2026-03-31,15,0,Hourly,DAM,7690-CONTRL-INYOKN_EXP_NG,7690-CONTRL-INYOKN_EXP_NG,Base Case,-77.43487,65
2026-03-31T22:00:00-00:00,2026-03-31T23:00:00-00:00,2026-03-31,16,0,Hourly,DAM,7690-CONTRL-INYOKN_EXP_NG,7690-CONTRL-INYOKN_EXP_NG,Base Case,-67.54208,65
2026-03-31T23:00:00-00:00,2026-04-01T00:00:00-00:00,2026-03-31,17,0,Hourly,DAM,7690-CONTRL-INYOKN_EXP_NG,7690-CONTRL-INYOKN_EXP_NG,Base Case,-61.99384,65
2026-04-01T00:00:00-00:00,2026-04-01T01:00:00-00:00,2026-03-31,18,0,Hourly,DAM,7690-CONTRL-INYOKN_EXP_NG,7690-CONTRL-INYOKN_EXP_NG,Base Case,-75.93226,65
2026-04-01T01:00:00-00:00,2026-04-01T02:00:00-00:00,2026-03-31,19,0,Hourly,DAM,7690-CONTRL-INYOKN_EXP_NG,7690-CONTRL-INYOKN_EXP_NG,Base Case,-66.00835,65
2026-04-01T02:00:00-00:00,2026-04-01T03:00:00-00:00,2026-03-31,20,0,Hourly,DAM,7690-CONTRL-INYOKN_EXP_NG,7690-CONTRL-INYOKN_EXP_NG,Base Case,-66.18128,65
2026-04-01T03:00:00-00:00,2026-04-01T04:00:00-00:00,2026-03-31,21,0,Hourly,DAM,7690-CONTRL-INYOKN_EXP_NG,7690-CONTRL-INYOKN_EXP_NG,Base Case,-65.59733,65
2026-04-01T04:00:00-00:00,2026-04-01T05:00:00-00:00,2026-03-31,22,0,Hourly,DAM,7690-CONTRL-INYOKN_EXP_NG,7690-CONTRL-INYOKN_EXP_NG,Base Case,-74.42981,65
2026-04-01T05:00:00-00:00,2026-04-01T06:00:00-00:00,2026-03-31,23,0,Hourly,DAM,7690-CONTRL-INYOKN_EXP_NG,7690-CONTRL-INYOKN_EXP_NG,Base Case,-80.5225,65
2026-04-01T06:00:00-00:00,2026-04-01T07:00:00-00:00,2026-03-31,24,0,Hourly,DAM,7690-CONTRL-INYOKN_EXP_NG,7690-CONTRL-INYOKN_EXP_NG,Base Case,-65.04181,65
2026-03-31T10:00:00-00:00,2026-03-31T11:00:00-00:00,2026-03-31,4,0,Hourly,DAM,7690-COOLWATER_KRAMER_IM_NG,7690-COOLWATER_KRAMER_IM_NG,Base Case,-0.90025,66
2026-03-31T11:00:00-00:00,2026-03-31T12:00:00-00:00,2026-03-31,5,0,Hourly,DAM,7690-COOLWATER_KRAMER_IM_NG,7690-COOLWATER_KRAMER_IM_NG,Base Case,-2.914,66
2026-03-31T17:00:00-00:00,2026-03-31T18:00:00-00:00,2026-03-31,11,0,Hourly,DAM,HUMBOLDT_IMP_NG,HUMBOLDT_IMP_NG,Base Case,-10.18397,67
2026-03-31T19:00:00-00:00,2026-03-31T20:00:00-00:00,2026-03-31,13,0,Hourly,DAM,HUMBOLDT_IMP_NG,HUMBOLDT_IMP_NG,Base Case,-5.23318,67
2026-03-31T21:00:00-00:00,2026-03-31T22:00:00-00:00,2026-03-31,15,0,Hourly,DAM,HUMBOLDT_IMP_NG,HUMBOLDT_IMP_NG,Base Case,-0.8325,67
